"Participant","SimpleRT_EarlyPresses","DoggoNogo_EarlyPresses","Recruitment","Condition","Experiment_StartDate","Experiment_Duration","SimpleRT_start","SimpleRT_end","Browser_Version","Mobile","Platform","Screen_Width","Screen_Height","Refresh_Rate","Gender","Age","Handedness","Education","Student","Discipline","Ethnicity","Country","Experiment_Enjoyment","Experiment_Feedback","Assessment_Enjoyment_DoggoNogo","Assessment_Enjoyment_Simple","Assessment_Duration_DoggoNogo","Assessment_Duration_Simple","Assessment_Repeat_DoggoNogo","Assessment_Repeat_Simple","Education.Comment","Discipline.Comment","Gender.Comment","DoggoNogo_ID","DoggoNogo_Study","DoggoNogo_Start","DoggoNogo_End","DoggoNogo_Level1_N","DoggoNogo_L1_Start","DoggoNogo_L1_End","DoggoNogo_Duration","SimpleRT_Duration"
"S120",0.0416666666666667,0.0318471337579618,"SONA","DoggoFirst",2024-12-02 13:31:30,24.29535,874550,1400631,"chrome 131.0.0","false","Windows 10",1280,585,60.92,"Female",19,"Right-handed","High school",TRUE,NA,"White","United Kingdom",3,NA,5,1,10,7,1,-2,NA,NA,NA,"eE1te9K02122024","DoggoNogoValidation",2024-12-02 13:33:51,2024-12-02 13:44:55,150,2024-12-02 13:34:01,2024-12-02 13:44:55,11.0666666666667,8.76801666666667
"S119",0.0563380281690141,0.0169491525423729,"SONA","SimpleFirst",2024-12-02 12:50:59,21.8445166666667,86970,685183,"chrome 130.0.0","false","Mac OS",1440,778,61.37,"Male",21,"Right-handed","High school",TRUE,NA,"White","United Kingdom",1,NA,0,0,10,10,-4,-3,NA,NA,NA,"eO6Zkd202122024","DoggoNogoValidation",2024-12-02 13:03:41,2024-12-02 13:12:06,150,2024-12-02 13:03:53,2024-12-02 13:12:05,8.41666666666667,9.97021666666667
"S134",0.0869565217391304,0.0285714285714286,"SONA","SimpleFirst",2024-12-03 23:04:06,21.4074833333333,48300,687369,"chrome 131.0.0","false","Windows 10",1536,730,146.48,"Male",19,"Right-handed","High school",TRUE,NA,"Black","United Kingdom",0,"Interesting study. However, was frustrating when i would click so fast that i registered as a double click at times.",2,0,10,10,-2,-3,NA,NA,NA,"hZy5ET303122024","DoggoNogoValidation",2024-12-03 23:16:36,2024-12-03 23:24:25,150,2024-12-03 23:16:46,2024-12-03 23:24:25,7.81666666666667,10.65115
"S049",0.0204081632653061,0.040983606557377,"SONA","DoggoFirst",2024-11-24 13:05:41,19.4279666666667,650452,1138675,"chrome 130.0.0","false","Windows 10",1187,599,61.17,"Female",19,"Right-handed","High school",TRUE,NA,"White","United Kingdom",2,NA,2,0,4,5,-3,-4,NA,NA,NA,"hljWwu424112024","DoggoNogoValidation",2024-11-24 13:07:24,2024-11-24 13:15:45,150,2024-11-24 13:07:39,2024-11-24 13:15:45,8.35,8.13705
"S129",0.0416666666666667,0.024,"SONA","DoggoFirst",2024-12-03 08:50:23,20.7083833333333,701054,1210786,"chrome 131.0.0","false","Windows 10",1536,889,61.64,"Male",19,"Left-handed","High school",TRUE,NA,"Mixed","United Kingdom",3,NA,6,2,7,5,0,-4,NA,NA,NA,"H15WNVp03122024","DoggoNogoValidation",2024-12-03 08:52:38,2024-12-03 09:01:18,150,2024-12-03 08:52:48,2024-12-03 09:01:18,8.66666666666667,8.49553333333333
"S068",0.0638297872340425,0.0503597122302158,"SONA","SimpleFirst",2024-11-25 18:03:01,25.78925,319724,846493,"chrome 131.0.0","false","Mac OS",1440,778,61.53,"Female",20,"Right-handed","High school",FALSE,NA,"White","United Kingdom",2,NA,4,1,10,5,-1,0,NA,NA,NA,"kRLPvpn25112024","DoggoNogoValidation",2024-11-25 18:18:19,2024-11-25 18:28:04,150,2024-11-25 18:18:29,2024-11-25 18:28:04,9.75,8.77948333333333
"S127",0.0204081632653061,0.0431034482758621,"SONA","SimpleFirst",2024-12-03 02:16:38,19.7519666666667,30458,575460,"firefox 132.0.0","false","Windows 10",1280,587,61.1,"Male",19,"Right-handed","High school",TRUE,NA,"White","United Kingdom",2,NA,3,1,6,10,0,0,NA,NA,NA,"FtHQtNO03122024","DoggoNogoValidation",2024-12-03 02:27:40,2024-12-03 02:35:28,150,2024-12-03 02:27:50,2024-12-03 02:35:28,7.8,9.08336666666667
"S107",0.0273972602739726,0.0377358490566038,"SONA","DoggoFirst",2024-11-29 17:03:53,21.7431666666667,705505,1257739,"chrome 131.0.0","false","Mac OS",1512,857,120.87,"Male",20,"Right-handed","High school",TRUE,NA,"White","United Kingdom",0,NA,1,0,10,10,-4,-4,NA,NA,NA,"7cv9w7H29112024","DoggoNogoValidation",2024-11-29 17:06:49,2024-11-29 17:14:35,150,2024-11-29 17:06:59,2024-11-29 17:14:35,7.76666666666667,9.2039
"S067",0.401869158878505,0.043956043956044,"SONA","SimpleFirst",2024-11-25 17:58:18,20.8355,50821,619106,"safari 16.6.0","false","Mac OS",817,721,29.99,"Female",18,"Right-handed","Bachelor",TRUE,"Psychology, Neuroscience","White","United Kingdom",4,"no",7,1,9,10,2,-3,NA,NA,NA,"5jR7mii25112024","DoggoNogoValidation",2024-11-25 18:10:22,2024-11-25 18:18:41,150,2024-11-25 18:10:46,2024-11-25 18:18:41,8.31666666666667,9.47141666666667
"S023",0.12781954887218,0.0181818181818182,"SONA","DoggoFirst",2024-11-21 12:26:48,21.1385166666667,671352,1212893,"safari 17.6.0","false","Mac OS",1214,752,60.73,"Female",19,"Right-handed","High school",TRUE,NA,"South Asian","United Kingdom",3,NA,3,2,10,15,0,-2,NA,NA,NA,"24XgQKZ21112024","DoggoNogoValidation",2024-11-21 12:29:07,2024-11-21 12:37:13,150,2024-11-21 12:29:16,2024-11-21 12:37:13,8.1,9.02568333333334
"S029",0.0344827586206897,0.00892857142857143,"SONA","SimpleFirst",2024-11-21 15:52:46,22.0607666666667,143824,576223,"chrome 130.0.0","false","Mac OS",1440,812,61.95,"Male",23,"Right-handed","High school",TRUE,NA,"White","United Kingdom",0,"One of the issues with Psychological research today is the vast majority of it is people carrying out studies simply because they found a 'gap' in the literature. In actuality, some things are simply not worth studying. Unfortunately, this study appears to fall into this camp.",0,0,13,10,-4,-3,NA,NA,NA,"ZFvwIZn21112024","DoggoNogoValidation",2024-11-21 16:03:45,2024-11-21 16:11:48,150,2024-11-21 16:03:56,2024-11-21 16:11:48,8.05,7.20665
"S061",0.00671140939597315,0.0175438596491228,"SONA","SimpleFirst",2024-11-25 13:12:15,21.0690333333333,40338,530801,"chrome 128.0.0","false","Mac OS",1440,731,60.83,"Female",19,"Left-handed","High school",TRUE,NA,"White","United Kingdom",3,"i enjoyed the dog part most. in part 1, it could have other coloured boxes as well for more attention focuses reactions",6,4,15,7,-1,-3,NA,NA,NA,"YIC5AYV25112024","DoggoNogoValidation",2024-11-25 13:22:38,2024-11-25 13:31:44,150,2024-11-25 13:22:48,2024-11-25 13:31:44,9.1,8.17438333333333
"S149",0.00671140939597315,0.0266666666666667,"SONA","DoggoFirst",2024-12-05 14:21:31,22.47975,814484,1326296,"safari 16.4.1","false","Mac OS",1440,848,60.48,"Female",19,"Right-handed","High school",TRUE,NA,"White","United Kingdom",2,NA,4,4,10,6,-3,-1,NA,NA,NA,"HQlYQKa05122024","DoggoNogoValidation",2024-12-05 14:23:29,2024-12-05 14:33:50,150,2024-12-05 14:23:40,2024-12-05 14:33:50,10.35,8.5302
"S088",0.260504201680672,0.0275229357798165,"SONA","SimpleFirst",2024-11-27 16:00:01,19.86175,44017,588963,"chrome 131.0.0","false","Mac OS",1440,812,60.96,"Female",20,"Right-handed","High school",TRUE,NA,"White","United Kingdom",3,NA,3,4,8,7,-1,1,NA,NA,NA,"AT3sJle27112024","DoggoNogoValidation",2024-11-27 16:10:57,2024-11-27 16:19:07,150,2024-11-27 16:11:07,2024-11-27 16:19:07,8.16666666666667,9.08243333333333
"S027",0.0204081632653061,0.0306122448979592,"SONA","SimpleFirst",2024-11-21 14:50:43,20.9112,94056,614270,"chrome 131.0.0","false","Windows 10",1536,730,61.07,"Female",18,"Right-handed","High school",TRUE,NA,"White","United Kingdom",3,NA,6,4,8,7,0,-1,NA,NA,NA,"kqCy2cq21112024","DoggoNogoValidation",2024-11-21 15:02:32,2024-11-21 15:10:42,150,2024-11-21 15:02:42,2024-11-21 15:10:42,8.16666666666667,8.67023333333333
"S102",0.0273972602739726,0.0504201680672269,"SONA","SimpleFirst",2024-11-28 22:17:04,18.8085,107106,545089,"chrome 131.0.0","false","Mac OS",961,932,61.96,"Male",18,"Right-handed","Bachelor",TRUE,"Psychology, Neuroscience","White","United Kingdom",3,NA,2,6,10,4,-3,0,NA,NA,NA,"y9mb3q228112024","DoggoNogoValidation",2024-11-28 22:27:01,2024-11-28 22:35:26,150,2024-11-28 22:27:11,2024-11-28 22:35:26,8.41666666666667,7.29971666666667
"S025",0.111111111111111,0.00854700854700855,"SONA","DoggoFirst",2024-11-21 14:24:14,19.1905,663578,1135122,"safari 17.6.0","false","Mac OS",1194,791,60.98,"Female",18,"Right-handed","High school",TRUE,NA,"South Asian","United Kingdom",2,NA,2,4,7,10,-1,-3,NA,NA,NA,"En1zpbu21112024","DoggoNogoValidation",2024-11-21 14:26:26,2024-11-21 14:34:40,150,2024-11-21 14:26:35,2024-11-21 14:34:40,8.23333333333333,7.85906666666667
"S059",0.136363636363636,0.00666666666666667,"SONA","DoggoFirst",2024-11-25 12:53:48,21.9274,790670,1294499,"chrome 128.0.0","false","Mac OS",1280,712,60.51,"Female",19,"Right-handed","Bachelor",TRUE,"Psychology, Neuroscience","Hispanic/Latino","United Kingdom",2,"no",1,0,15,15,-3,-4,NA,NA,NA,"hyKnlj325112024","DoggoNogoValidation",2024-11-25 12:55:22,2024-11-25 13:06:12,150,2024-11-25 12:55:36,2024-11-25 13:06:12,10.8333333333333,8.39715
"S069",0.048951048951049,0.0608695652173913,"SONA","SimpleFirst",2024-11-25 18:09:34,17.9507833333333,53564,479438,"safari 17.6.0","false","Mac OS",1180,777,56.6,"Female",19,"Right-handed","High school",TRUE,NA,"White","United Kingdom",2,NA,3,1,15,10,-1,-3,NA,NA,NA,"PnAd1ug25112024","DoggoNogoValidation",2024-11-25 18:18:39,2024-11-25 18:26:57,150,2024-11-25 18:18:48,2024-11-25 18:26:57,8.3,7.0979
"S094",0.0416666666666667,0.0291970802919708,"SONA","SimpleFirst",2024-11-27 19:20:21,25.4818,53234,710056,"safari 16.6.0","false","Mac OS",1280,720,60.67,"Female",20,"Right-handed","High school",TRUE,NA,"White","United Kingdom",1,"my hand went numb whilst participating in the study, which I think impacted my reaction time ",3,3,15,20,-2,-3,NA,NA,NA,"sbJzEWd27112024","DoggoNogoValidation",2024-11-27 19:34:34,2024-11-27 19:44:51,150,2024-11-27 19:34:53,2024-11-27 19:44:51,10.2833333333333,10.9470333333333
"S038",0.079136690647482,0.0149253731343284,"SONA","SimpleFirst",2024-11-22 17:30:51,20.5980166666667,51497,542747,"edge-chromium 131.0.0","false","Windows 10",1528,738,61.32,"Female",19,"Right-handed","High school",TRUE,NA,"White","United Kingdom",2,NA,4,1,20,12,-1,-1,NA,NA,NA,"ZB3F8JL22112024","DoggoNogoValidation",2024-11-22 17:41:05,2024-11-22 17:50:56,150,2024-11-22 17:41:20,2024-11-22 17:50:56,9.85,8.1875
"S022",0.00671140939597315,0.027027027027027,"SONA","DoggoFirst",2024-11-20 22:27:48,17.7944166666667,581842,1039200,"edge-chromium 131.0.0","false","Windows 10",630,586,61.61,"Female",19,"Right-handed","High school",TRUE,NA,"Mixed","United Kingdom",3,NA,5,2,5,10,0,-2,NA,NA,NA,"znn48at20112024","DoggoNogoValidation",2024-11-20 22:29:33,2024-11-20 22:36:46,150,2024-11-20 22:29:42,2024-11-20 22:36:46,7.21666666666667,7.62263333333333
"S111",0.0204081632653061,0.078125,"SONA","DoggoFirst",2024-11-30 16:35:45,19.4756666666667,674110,1139869,"chrome 130.0.0","false","Mac OS",1440,812,61.68,"Female",21,"Right-handed","High school",TRUE,NA,"White","United Kingdom",0,NA,0,0,4,7,-4,-4,NA,NA,NA,"B7xzMwv30112024","DoggoNogoValidation",2024-11-30 16:36:54,2024-11-30 16:45:59,150,2024-11-30 16:37:03,2024-11-30 16:45:59,9.08333333333333,7.76265
"S148",0.00671140939597315,0.00892857142857143,"SONA","SimpleFirst",2024-12-05 12:26:40,20.2829333333333,48108,484650,"safari 18.1.0","false","Mac OS",1440,820,57.64,"Female",20,"Right-handed","High school",TRUE,NA,"White","United Kingdom",2,NA,1,1,5,10,-4,-4,NA,NA,NA,"P31YmEn05122024","DoggoNogoValidation",2024-12-05 12:38:37,2024-12-05 12:46:32,150,2024-12-05 12:38:48,2024-12-05 12:46:32,7.91666666666667,7.2757
"S037",0.0135135135135135,0.00826446280991736,"SONA","DoggoFirst",2024-11-22 16:21:59,24.8963333333333,800463,1288450,"chrome 130.0.0","false","Windows 10",1280,631,61.06,"Female",19,"Right-handed","High school",TRUE,NA,"White","United Kingdom",4,"definitely something different the first task was fun I enjoyed doing it compared to the second one , for me at least the first time having something interactive and fun in a study.  ",7,1,6,10,3,-1,NA,NA,NA,"XENVbbV22112024","DoggoNogoValidation",2024-11-22 16:24:34,2024-11-22 16:34:14,150,2024-11-22 16:24:43,2024-11-22 16:34:14,9.66666666666667,8.13311666666667
"S092",0.181102362204724,0.0165289256198347,"SONA","SimpleFirst",2024-11-27 17:40:25,23.9062,77720,716566,"chrome 130.0.0","false","Mac OS",1440,812,61.87,"Female",18,"Right-handed","High school",TRUE,NA,"White","United Kingdom",1,NA,4,1,15,19,1,-1,NA,NA,NA,"K5BR17527112024","DoggoNogoValidation",2024-11-27 17:53:50,2024-11-27 18:03:41,150,2024-11-27 17:53:59,2024-11-27 18:03:41,9.85,10.6474333333333
"S135",0.0714285714285714,0.0194174757281553,"SONA","SimpleFirst",2024-12-04 14:17:38,35.5138,108879,1375997,"chrome 130.0.0","false","Mac OS",1440,730,61.18,"Female",20,"Right-handed","High school",TRUE,NA,"South Asian","United Kingdom",2,NA,5,3,10,25,-1,-2,NA,NA,NA,"HR4IRtH04122024","DoggoNogoValidation",2024-12-04 14:41:57,2024-12-04 14:52:47,150,2024-12-04 14:42:06,2024-12-04 14:52:47,10.8333333333333,21.1186333333333
"S003",0.00671140939597315,0,"SONA","DoggoFirst",2024-11-19 16:09:13,21.2147166666667,816468,1252277,"chrome 131.0.0","false","Windows 10",1280,551,61.77,"Female",20,"Right-handed","Other",NA,NA,"White","United Kingdom",4,NA,6,3,10,10,2,0,"collage",NA,NA,"tTyspbH19112024","DoggoNogoValidation",2024-11-19 16:11:41,2024-11-19 16:21:50,150,2024-11-19 16:11:56,2024-11-19 16:21:50,10.15,7.26348333333333
"S008",0.0416666666666667,0.00769230769230769,"SONA","SimpleFirst",2024-11-19 20:30:32,22.44035,131879,644416,"edge-chromium 131.0.0","false","Windows 10",1528,898,61.61,"Female",20,"Right-handed","High school",TRUE,NA,"White","United Kingdom",2,NA,2,3,15,10,-4,0,NA,NA,NA,"BpNpmOs19112024","DoggoNogoValidation",2024-11-19 20:42:38,2024-11-19 20:52:17,150,2024-11-19 20:42:48,2024-11-19 20:52:17,9.65,8.54228333333333
"S052",0.0563380281690141,0.0573770491803279,"SONA","DoggoFirst",2024-11-24 16:09:19,26.3284833333333,758371,1544856,"chrome 130.0.0","false","Mac OS",1440,812,61.23,"Female",18,"Right-handed","High school",TRUE,NA,"Middle Eastern/North African","United Kingdom",1,NA,2,1,12,10,-3,-3,NA,NA,NA,"h0ihbG024112024","DoggoNogoValidation",2024-11-24 16:11:28,2024-11-24 16:20:53,150,2024-11-24 16:11:37,2024-11-24 16:20:53,9.41666666666667,13.1080833333333
"S123",0.25,0.0388349514563107,"SONA","DoggoFirst",2024-12-02 15:39:33,29.4631833333333,691571,1738054,"chrome 131.0.0","false","Mac OS",1440,753,60.92,"Female",19,"Right-handed","High school",TRUE,NA,"Southeast Asian","United States",3,NA,5,5,10,12,1,2,NA,NA,NA,"g3iYG7002122024","DoggoNogoValidation",2024-12-02 15:42:02,2024-12-02 15:50:18,150,2024-12-02 15:42:12,2024-12-02 15:50:18,8.26666666666667,17.4413833333333
"S125",0.0135135135135135,0,"SONA","SimpleFirst",2024-12-02 20:55:34,19.0337,65611,556226,"chrome 131.0.0","false","Windows 10",1280,551,61.82,"Female",22,"Right-handed","High school",TRUE,NA,"White","United Kingdom",2,NA,2,1,10,15,-1,-1,NA,NA,NA,"enWDevK02122024","DoggoNogoValidation",2024-12-02 21:06:49,2024-12-02 21:13:44,150,2024-12-02 21:06:59,2024-12-02 21:13:44,6.91666666666667,8.17691666666667
"S050",0.0135135135135135,0.0260869565217391,"SONA","SimpleFirst",2024-11-24 14:23:44,24.1582666666667,88520,659798,"safari 16.6.0","false","Mac OS",1066,628,60.85,"Female",21,"Right-handed","High school",TRUE,NA,"White","United Kingdom",3,NA,4,3,15,15,1,0,NA,NA,NA,"KrA739U24112024","DoggoNogoValidation",2024-11-24 14:37:58,2024-11-24 14:47:11,150,2024-11-24 14:38:08,2024-11-24 14:47:11,9.21666666666667,9.5213
"S051",0.162790697674419,0.0421052631578947,"SONA","DoggoFirst",2024-11-24 14:41:09,20.6666,731796,1219952,"chrome 131.0.0","false","Windows 10",1266,722,60.63,"Male",19,"Right-handed","Bachelor",TRUE,"Psychology, Neuroscience","Mixed","United Kingdom",0,NA,3,0,12,20,-4,-4,NA,NA,NA,"Kwy1wCy24112024","DoggoNogoValidation",2024-11-24 14:44:47,2024-11-24 14:52:47,150,2024-11-24 14:44:57,2024-11-24 14:52:47,8,8.13593333333333
"S096",0.0135135135135135,0.0421052631578947,"SONA","DoggoFirst",2024-11-28 00:03:55,16.9291,542721,1002235,"chrome 131.0.0","false","Windows 10",1280,551,61.46,"Female",18,"Right-handed","High school",TRUE,NA,"South Asian","United Kingdom",2,NA,1,0,3.5,5,-4,-4,NA,NA,NA,"RLw6QO128112024","DoggoNogoValidation",2024-11-28 00:04:55,2024-11-28 00:12:25,150,2024-11-28 00:05:05,2024-11-28 00:12:25,7.5,7.65856666666667
"S113",0.0273972602739726,0.0305343511450382,"SONA","DoggoFirst",2024-12-01 13:39:17,21.9061,772758,1274897,"chrome 131.0.0","false","Windows 10",1280,632,61.97,"Female",19,"Right-handed","High school",TRUE,NA,"White","United Kingdom",3,NA,5,3,10,15,0,-1,NA,NA,NA,"m4ZNZ5h01122024","DoggoNogoValidation",2024-12-01 13:41:34,2024-12-01 13:50:55,150,2024-12-01 13:41:44,2024-12-01 13:50:55,9.35,8.36898333333333
"S018",0.048951048951049,0.0695652173913043,"SONA","DoggoFirst",2024-11-20 18:11:33,23.2379166666667,664818,1297972,"safari 17.5.0","false","Mac OS",1324,754,59.94,"Female",18,"Right-handed","High school",TRUE,NA,"White","United Kingdom",1,NA,0,0,10,20,-4,-4,NA,NA,NA,"2g5E8M320112024","DoggoNogoValidation",2024-11-20 18:13:15,2024-11-20 18:21:48,150,2024-11-20 18:13:25,2024-11-20 18:21:48,8.55,10.5525666666667
"S124",0.181102362204724,0.0238095238095238,"SONA","DoggoFirst",2024-12-02 16:26:39,19.1494166666667,632828,1131024,"chrome 129.0.0","false","Mac OS",1440,778,61.53,"Female",20,"Right-handed","High school",TRUE,NA,"White","United Kingdom",4,NA,7,4,10,10,2,-1,NA,NA,NA,"XaJmR3T02122024","DoggoNogoValidation",2024-12-02 16:28:18,2024-12-02 16:36:45,150,2024-12-02 16:28:27,2024-12-02 16:36:45,8.45,8.30326666666667
"S153",0.0416666666666667,0,"SONA","DoggoFirst",2024-12-05 17:37:58,20.51795,726224,1200752,"chrome 130.0.0","false","Chrome OS",1536,695,61.32,"Female",21,"Right-handed","High school",TRUE,NA,"White","United Kingdom",2,NA,4,1,10,10,-1,-2,NA,NA,NA,"d8nMWvm05122024","DoggoNogoValidation",2024-12-05 17:39:46,2024-12-05 17:48:19,150,2024-12-05 17:39:56,2024-12-05 17:48:19,8.55,7.9088
"S114",0.00671140939597315,0,"SONA","DoggoFirst",2024-12-01 16:26:30,21.22065,713931,1224453,"safari 18.0.0","false","Mac OS",1353,795,60.3,"Female",20,"Left-handed","High school",TRUE,NA,"White","United Kingdom",2,NA,4,1,8,15,0,-3,NA,NA,NA,"OEhZGIq01122024","DoggoNogoValidation",2024-12-01 16:29:59,2024-12-01 16:37:16,150,2024-12-01 16:30:25,2024-12-01 16:37:16,7.28333333333333,8.5087
"S101",0.0563380281690141,0.0309278350515464,"SONA","SimpleFirst",2024-11-28 21:35:30,19.7110166666667,54487,602947,"edge-chromium 131.0.0","false","Windows 10",1192,682,61.09,"Female",20,"Right-handed","High school",TRUE,NA,"White","United Kingdom",2,NA,3,5,10,10,-3,-1,NA,NA,NA,"4cAUy5y28112024","DoggoNogoValidation",2024-11-28 21:47:20,2024-11-28 21:54:30,150,2024-11-28 21:47:30,2024-11-28 21:54:30,7.16666666666667,9.141
"S044",0.0344827586206897,0.0833333333333333,"SONA","SimpleFirst",2024-11-23 17:20:14,23.2175,228659,688820,"edge-chromium 131.0.0","false","Windows 10",1496,877,60.75,"Female",18,"Right-handed","High school",TRUE,NA,"Black","United Kingdom",3,NA,5,5,10,5,0,0,NA,NA,NA,"ThwpzSP23112024","DoggoNogoValidation",2024-11-23 17:32:57,2024-11-23 17:42:49,150,2024-11-23 17:33:08,2024-11-23 17:42:49,9.86666666666667,7.66935
"S017",0.0204081632653061,0.0106382978723404,"SONA","SimpleFirst",2024-11-20 17:47:33,31.7144166666667,40396,938453,"safari 18.0.1","false","Mac OS",1280,720,59.7,"Female",19,"Right-handed","High school",TRUE,NA,"White","United Kingdom",2,NA,1,0,10,15,-1,0,NA,NA,NA,"ebxeakP20112024","DoggoNogoValidation",2024-11-20 18:10:34,2024-11-20 18:17:46,150,2024-11-20 18:10:45,2024-11-20 18:17:46,7.2,14.9676166666667
"S118",0.0204081632653061,0.055045871559633,"SONA","DoggoFirst",2024-12-02 12:27:55,20.4965,663109,1188760,"safari 16.6.0","false","Mac OS",1194,794,60.79,"Male",20,"Right-handed","High school",TRUE,NA,"Mixed","United Kingdom",4,NA,6,2,7,9,-1,-2,NA,NA,NA,"VGFfkz202122024","DoggoNogoValidation",2024-12-02 12:29:47,2024-12-02 12:38:06,150,2024-12-02 12:29:57,2024-12-02 12:38:06,8.31666666666667,8.76085
"S136",0.00671140939597315,0.0166666666666667,"SONA","DoggoFirst",2024-12-04 14:37:09,19.10205,604345,1112009,"edge-chromium 131.0.0","false","Windows 10",1528,738,61.01,"Female",19,"Right-handed","High school",TRUE,NA,"White","United Kingdom",3,NA,7,2,10,10,2,-2,NA,NA,NA,"I7nCxxt04122024","DoggoNogoValidation",2024-12-04 14:38:29,2024-12-04 14:46:35,150,2024-12-04 14:38:38,2024-12-04 14:46:35,8.1,8.46106666666667
"S138",0.0344827586206897,0.0099009900990099,"SONA","SimpleFirst",2024-12-04 15:08:02,26.4854333333333,258432,909926,"safari 17.0.0","false","Mac OS",1440,820,59.58,"Female",19,"Left-handed","High school",TRUE,NA,"White","United Kingdom",3,NA,7,1,10,8.5,4,1,NA,NA,NA,"S7nuF1l04122024","DoggoNogoValidation",2024-12-04 15:24:30,2024-12-04 15:34:02,150,2024-12-04 15:24:39,2024-12-04 15:34:02,9.53333333333333,10.8582333333333
"S035",0.00671140939597315,0.0099009900990099,"SONA","SimpleFirst",2024-11-22 14:10:15,16.23425,31922,476357,"edge-chromium 131.0.0","false","Windows 10",1912,964,59.93,"Male",21,"Ambidextrous","High school",TRUE,NA,"White","United Kingdom",1,NA,0,1,10,10,-4,-2,NA,NA,NA,"P9IzfIF22112024","DoggoNogoValidation",2024-11-22 14:19:00,2024-11-22 14:26:10,150,2024-11-22 14:19:11,2024-11-22 14:26:10,7.16666666666667,7.40725
"S055",0.0135135135135135,0.00952380952380952,"SONA","DoggoFirst",2024-11-24 20:45:41,19.7615833333333,599232,1132291,"edge-chromium 131.0.0","false","Windows 10",1432,774,60.85,"Female",20,"Right-handed","Bachelor",TRUE,"Psychology, Neuroscience","White","United Kingdom",3,NA,4,2,10,10,-2,-2,NA,NA,NA,"J5x4Jle24112024","DoggoNogoValidation",2024-11-24 20:47:03,2024-11-24 20:54:16,150,2024-11-24 20:47:12,2024-11-24 20:54:16,7.21666666666667,8.88431666666667
"S062",0.079136690647482,0.0344827586206897,"SONA","SimpleFirst",2024-11-25 13:54:50,20.97785,70950,544624,"safari 16.4.0","false","Mac OS",1280,720,30.14,"Female",20,"Right-handed","High school",TRUE,NA,"Black","United Kingdom",2,NA,4,2,15,15,-4,-1,NA,NA,NA,"IT72mNP25112024","DoggoNogoValidation",2024-11-25 14:05:58,2024-11-25 14:14:36,150,2024-11-25 14:06:08,2024-11-25 14:14:36,8.63333333333333,7.89456666666667
"S131",0.00671140939597315,0.027027027027027,"SONA","DoggoFirst",2024-12-03 15:25:10,17.2835333333333,570789,1020550,"safari 16.5.0","false","Mac OS",971,752,30,"Female",19,"Right-handed","High school",TRUE,NA,"Mixed","United Kingdom",2,NA,5,1,4.2,5.7,-4,-4,NA,NA,NA,"OfrutZN03122024","DoggoNogoValidation",2024-12-03 15:26:27,2024-12-03 15:33:52,150,2024-12-03 15:26:37,2024-12-03 15:33:52,7.41666666666667,7.49601666666667
"S042",0.136363636363636,0.0353982300884956,"SONA","SimpleFirst",2024-11-23 12:24:20,22.8330333333333,58706,669687,"chrome 130.0.0","false","Mac OS",1073,736,61.43,"Female",19,"Left-handed","High school",TRUE,NA,"White","United Kingdom",2,NA,3,4,9,7,-3,-2,NA,NA,NA,"YJb38IA23112024","DoggoNogoValidation",2024-11-23 12:37:37,2024-11-23 12:46:18,150,2024-11-23 12:37:48,2024-11-23 12:46:18,8.68333333333333,10.1830166666667
"S150",0.0273972602739726,0.0458715596330275,"SONA","SimpleFirst",2024-12-05 14:27:33,20.31025,58436,583286,"chrome 131.0.0","false","Windows 10",1536,695,60.75,"Female",19,"Right-handed","High school",TRUE,NA,"White","United Kingdom",4,NA,3,6,10,3,-2,1,NA,NA,NA,"Gh4dWfY05122024","DoggoNogoValidation",2024-12-05 14:39:04,2024-12-05 14:47:08,150,2024-12-05 14:39:15,2024-12-05 14:47:08,8.06666666666667,8.7475
"S151",0.0416666666666667,0.0813008130081301,"SONA","SimpleFirst",2024-12-05 15:36:17,20.76935,41260,493010,"chrome 131.0.0","false","Mac OS",1680,928,60.02,"Male",23,"Right-handed","High school",TRUE,NA,"Southeast Asian","United Kingdom",3,NA,4,7,20,12,0,0,NA,NA,NA,"9aN60nk05122024","DoggoNogoValidation",2024-12-05 15:46:35,2024-12-05 15:56:40,150,2024-12-05 15:46:48,2024-12-05 15:56:40,10.0833333333333,7.52916666666667
"S054",0.00671140939597315,0.0158730158730159,"SONA","SimpleFirst",2024-11-24 20:10:12,19.1978,60874,505486,"safari 16.5.0","false","Mac OS",1470,840,60.18,"Female",20,"Right-handed","High school",TRUE,NA,"White","United Kingdom",2,NA,4,2,7.5,6,-1,-1,NA,NA,NA,"uEqG2Zv24112024","DoggoNogoValidation",2024-11-24 20:20:30,2024-11-24 20:28:57,150,2024-11-24 20:20:40,2024-11-24 20:28:57,8.45,7.4102
"S159",0.0204081632653061,0.0540540540540541,"SONA","SimpleFirst",2024-12-06 13:03:40,20.2588333333333,45190,493391,"chrome 130.0.0","false","Windows 10",1280,609,61.25,"Female",20,"Right-handed","High school",TRUE,NA,"White","United Kingdom",3,NA,5,1,15,10,1,0,NA,NA,NA,"wnIiOUQ06122024","DoggoNogoValidation",2024-12-06 13:14:46,2024-12-06 13:23:17,150,2024-12-06 13:15:07,2024-12-06 13:23:17,8.51666666666667,7.47001666666667
"S006",0.0135135135135135,0,"SONA","DoggoFirst",2024-11-19 17:18:18,26.312,828709,1533273,"chrome 130.0.0","false","Mac OS",1440,812,61.46,"Female",18,"Right-handed","Doctorate",NA,"Psychology, Neuroscience","White","United Kingdom",4,NA,5,3,10,15,0,2,NA,NA,NA,"VvULTjk19112024","DoggoNogoValidation",2024-11-19 17:21:16,2024-11-19 17:30:17,150,2024-11-19 17:21:30,2024-11-19 17:30:17,9.01666666666667,11.7427333333333
"S024",0.00671140939597315,0.00952380952380952,"SONA","DoggoFirst",2024-11-21 14:22:28,25.6437333333333,1050357,1513471,"chrome 131.0.0","false","Windows 10",1536,730,61.41,"Female",19,"Right-handed","High school",TRUE,NA,"East Asian","United Kingdom",4,NA,4,3,7,10,-1,0,NA,NA,NA,"cUANzyd21112024","DoggoNogoValidation",2024-11-21 14:24:13,2024-11-21 14:39:05,150,2024-11-21 14:24:22,2024-11-21 14:39:05,14.8666666666667,7.71856666666667
"S004",0.00671140939597315,0.0099009900990099,"SONA","SimpleFirst",2024-11-19 16:54:03,51.1301833333333,131148,1982688,"firefox 132.0.0","false","Windows 10",1280,649,60.73,"Male",18,"Left-handed","Bachelor",TRUE,"Psychology, Neuroscience","White","United Kingdom",4,NA,7,7,10,20,1,1,NA,NA,NA,"zkVthHf19112024","DoggoNogoValidation",2024-11-19 17:36:44,2024-11-19 17:44:24,150,2024-11-19 17:36:54,2024-11-19 17:44:24,7.66666666666667,30.859
"S046",0.0204081632653061,0.0267857142857143,"SONA","SimpleFirst",2024-11-23 18:36:01,23.9301,151732,880683,"edge-chromium 131.0.0","false","Windows 10",1912,1000,60.75,"Male",18,"Right-handed","Bachelor",TRUE,"Psychology, Neuroscience","White","United Kingdom",1,NA,0,0,10,10,-4,-3,NA,NA,NA,"3iDiYty23112024","DoggoNogoValidation",2024-11-23 18:51:35,2024-11-23 18:59:25,150,2024-11-23 18:51:45,2024-11-23 18:59:25,7.83333333333333,12.1491833333333
"S104",0.0638297872340425,0.0283018867924528,"SONA","DoggoFirst",2024-11-29 11:45:29,20.1152166666667,633598,1192877,"chrome 131.0.0","false","Mac OS",1440,778,61.59,"Female",18,"Left-handed","High school",TRUE,NA,"White","United Kingdom",1,NA,3,2,15,10,-2,-2,NA,NA,NA,"Mik0laV29112024","DoggoNogoValidation",2024-11-29 11:46:20,2024-11-29 11:55:17,150,2024-11-29 11:46:32,2024-11-29 11:55:17,8.95,9.32131666666667
"S043",0.0135135135135135,0.0202020202020202,"SONA","DoggoFirst",2024-11-23 15:01:47,18.2462333333333,606690,1072290,"chrome 131.0.0","false","Windows 10",1536,730,61.43,"Female",20,"Right-handed","Bachelor",TRUE,"Psychology, Neuroscience","White","United Kingdom",3,NA,5,1,10,10,0,-3,NA,NA,NA,"70tUOUM23112024","DoggoNogoValidation",2024-11-23 15:03:28,2024-11-23 15:11:11,150,2024-11-23 15:03:39,2024-11-23 15:11:11,7.71666666666667,7.76
"S047",0.00671140939597315,0.0196078431372549,"SONA","DoggoFirst",2024-11-24 03:14:47,17.3103333333333,567966,1010159,"safari 17.2.1","false","Mac OS",1512,865,59.7,"Male",19,"Right-handed","Bachelor",TRUE,"Psychology, Neuroscience","White","United Kingdom",3,NA,4,2,10,10,1,-1,NA,NA,NA,"jRAuC8k24112024","DoggoNogoValidation",2024-11-24 03:16:36,2024-11-24 03:23:36,150,2024-11-24 03:16:46,2024-11-24 03:23:35,7,7.36988333333333
"S109",0.0869565217391304,0.00884955752212389,"SONA","SimpleFirst",2024-11-29 21:34:04,20.26055,106699,562696,"safari 16.6.0","false","Mac OS",1710,989,60.36,"Female",19,"Right-handed","High school",TRUE,NA,"White","United Kingdom",4,NA,4,2,10,7,-3,-2,NA,NA,NA,"lx1RbLi29112024","DoggoNogoValidation",2024-11-29 21:45:00,2024-11-29 21:53:48,150,2024-11-29 21:45:09,2024-11-29 21:53:48,8.8,7.59995
"S115",0.0563380281690141,0.0212765957446809,"SONA","SimpleFirst",2024-12-01 18:50:52,17.0767,63174,509854,"safari 15.6.1","false","Mac OS",1279,749,60.36,"Female",20,"Right-handed","Bachelor",TRUE,"Psychology, Neuroscience","White","United Kingdom",4,NA,2,2,10,10,-3,-1,NA,NA,NA,"SSvZUWL01122024","DoggoNogoValidation",2024-12-01 19:00:18,2024-12-01 19:07:36,150,2024-12-01 19:00:27,2024-12-01 19:07:36,7.3,7.44466666666667
"S112",0.0204081632653061,0.00900900900900901,"SONA","DoggoFirst",2024-11-30 23:00:16,20.2354166666667,688621,1174639,"edge-chromium 131.0.0","false","Windows 10",1272,674,61.21,"Female",20,"Right-handed","High school",TRUE,NA,"Mixed","United Kingdom",1,NA,4,0,5,10,-1,-4,NA,NA,NA,"G0jbdXa30112024","DoggoNogoValidation",2024-11-30 23:02:48,2024-11-30 23:10:51,150,2024-11-30 23:03:00,2024-11-30 23:10:51,8.05,8.1003
"S098",0.0948905109489051,0.0666666666666667,"SONA","DoggoFirst",2024-11-28 15:12:08,108.38545,5729301,6471039,"safari 16.5.2","false","Mac OS",1512,865,53,"Female",20,"Right-handed","Bachelor",TRUE,"Psychology, Neuroscience","White","United Kingdom",0,NA,3,0,10,4,-3,-3,NA,NA,NA,"z4qdVSx28112024","DoggoNogoValidation",2024-11-28 15:14:08,2024-11-28 16:42:35,150,2024-11-28 15:14:17,2024-11-28 16:42:35,88.45,12.3623
"S040",0.00671140939597315,0.01,"SONA","DoggoFirst",2024-11-23 00:51:36,18.1704166666667,614171,1052142,"safari 17.0.0","false","Mac OS",1328,738,59.7,"Female",19,"Right-handed","High school",TRUE,NA,"White","United Kingdom",3,NA,5,2,12,10,1,-1,NA,NA,NA,"WB81Ld223112024","DoggoNogoValidation",2024-11-23 00:53:07,2024-11-23 01:00:04,150,2024-11-23 00:53:17,2024-11-23 01:00:04,6.95,7.29951666666667
"S074",0.0344827586206897,0.0232558139534884,"SONA","DoggoFirst",2024-11-26 10:26:21,18.7275,654877,1104978,"safari 16.5.0","false","Mac OS",1710,914,30.15,"Female",19,"Right-handed","High school",TRUE,NA,"White","United Kingdom",1,NA,2,1,6,5,-1,-2,NA,NA,NA,"UgoSPR926112024","DoggoNogoValidation",2024-11-26 10:27:36,2024-11-26 10:36:42,150,2024-11-26 10:27:45,2024-11-26 10:36:42,9.1,7.50168333333333
"S091",0.0204081632653061,0.00884955752212389,"SONA","DoggoFirst",2024-11-27 16:43:45,20.1675,719315,1162499,"chrome 130.0.0","false","Chrome OS",1250,661,61.08,"Female",24,"Right-handed","Bachelor",TRUE,"Psychology, Neuroscience","White","United Kingdom",3,"Cute dog :)",7,4,7.5,6.5,4,-1,NA,NA,NA,"ll8dcPc27112024","DoggoNogoValidation",2024-11-27 16:46:14,2024-11-27 16:54:29,150,2024-11-27 16:46:30,2024-11-27 16:54:29,8.25,7.3864
"S142",0.0344827586206897,0.0103092783505155,"SONA","SimpleFirst",2024-12-04 19:25:56,18.2698833333333,73702,579964,"safari 17.1.2","false","Mac OS",1440,820,30.29,"Female",21,"Right-handed","Bachelor",TRUE,"Psychology, Neuroscience","White","United Kingdom",3,NA,5,6,8,5,1,0,NA,NA,NA,"FW0RVAR04122024","DoggoNogoValidation",2024-12-04 19:37:00,2024-12-04 19:43:44,150,2024-12-04 19:37:11,2024-12-04 19:43:44,6.73333333333333,8.4377
"S154",0.0714285714285714,0.00862068965517241,"SONA","SimpleFirst",2024-12-05 20:02:24,20.1819166666667,87442,552841,"crios 131.0.6778","true","iOS",980,644,58.54,"Female",19,"Right-handed","High school",TRUE,NA,"White","United Kingdom",1,NA,1,0,10,8,-2,-2,NA,NA,NA,"zoO7RtL05122024","DoggoNogoValidation",2024-12-05 20:13:08,2024-12-05 20:21:45,150,2024-12-05 20:13:17,2024-12-05 20:21:45,8.61666666666667,7.75665
"S147",0.0344827586206897,0.0265486725663717,"SONA","DoggoFirst",2024-12-05 01:33:01,20.3022166666667,704547,1185057,"safari 17.4.1","false","Mac OS",1228,745,30.14,"Female",19,"Right-handed","Bachelor",TRUE,"Psychology, Neuroscience","Mixed","United Kingdom",2,NA,4,1,10,11,-3,-3,NA,NA,NA,"tNLQdDR05122024","DoggoNogoValidation",2024-12-05 01:35:29,2024-12-05 01:43:47,150,2024-12-05 01:35:45,2024-12-05 01:43:47,8.3,8.0085
"S158",0.136363636363636,0.0377358490566038,"SONA","SimpleFirst",2024-12-06 12:59:11,23.1850333333333,68287,608433,"safari 15.6.1","false","Mac OS",1440,820,60.12,"Female",19,"Right-handed","High school",TRUE,NA,"White","United Kingdom",2,NA,3,2,20,8,-4,-2,NA,NA,NA,"1q23aG306122024","DoggoNogoValidation",2024-12-06 13:13:51,2024-12-06 13:21:40,150,2024-12-06 13:14:02,2024-12-06 13:21:40,7.81666666666667,9.00243333333333
"S015",0.0638297872340425,0.0645161290322581,"SONA","DoggoFirst",2024-11-20 17:27:28,19.82885,654563,1160217,"chrome 130.0.0","false","Mac OS",1280,678,60.54,"Female",18,"Right-handed","High school",TRUE,NA,"White","United Kingdom",2,NA,2,1,5,10,-1,-2,NA,NA,NA,"LxlpIFN20112024","DoggoNogoValidation",2024-11-20 17:29:03,2024-11-20 17:37:44,150,2024-11-20 17:29:12,2024-11-20 17:37:44,8.68333333333333,8.42756666666667
"S034",0.119402985074627,0.0163934426229508,"SONA","DoggoFirst",2024-11-22 13:06:39,20.0693666666667,667001,1171966,"chrome 130.0.0","false","Mac OS",1470,832,61.12,"Female",19,"Right-handed","High school",TRUE,NA,"South Asian","United Kingdom",2,NA,4,3,7,10.5,-1,-1,NA,NA,NA,"mQdoezr22112024","DoggoNogoValidation",2024-11-22 13:08:24,2024-11-22 13:17:01,150,2024-11-22 13:08:34,2024-11-22 13:17:01,8.61666666666667,8.41608333333333
"S108",0.0869565217391304,0.0567375886524823,"SONA","SimpleFirst",2024-11-29 18:11:54,23.6616833333333,51318,633249,"chrome 131.0.0","false","Mac OS",1440,778,61.04,"Female",20,"Right-handed","High school",TRUE,NA,"East Asian","United Kingdom",1,"doggo game kept saying almost which was infuriating",0,0,13,8,-4,-3,NA,NA,NA,"AWVY2Gw29112024","DoggoNogoValidation",2024-11-29 18:23:42,2024-11-29 18:33:56,150,2024-11-29 18:23:53,2024-11-29 18:33:56,10.2333333333333,9.69885
"S002",0.111111111111111,0.0285714285714286,"SONA","DoggoFirst",2024-11-19 14:45:07,21.2899833333333,706953,1255604,"safari 17.2.0","false","Mac OS",1194,791,60.91,"Female",18,"Right-handed","High school",TRUE,NA,"Black","United Kingdom",3,NA,4,1,10,15,-2,-3,NA,NA,NA,"hW2KDp119112024","DoggoNogoValidation",2024-11-19 14:47:01,2024-11-19 14:55:22,150,2024-11-19 14:47:13,2024-11-19 14:55:22,8.35,9.14418333333333
"S010",0.00671140939597315,0.037037037037037,"SONA","DoggoFirst",2024-11-20 01:06:17,24.8808166666667,863770,1396568,"opera 114.0.0","false","Windows 10",1463,851,61.73,"Male",18,"Right-handed","High school",TRUE,NA,"White","United Kingdom",1,"Don't use the down arrow as it forces the participant to put their hand in a weird position for too long, use the enter key or left click instead because it is more comfortable and therefore should better represent reaction time",0,2,8,9,-4,-4,NA,NA,NA,"FwmHaUM20112024","DoggoNogoValidation",2024-11-20 01:12:19,2024-11-20 01:19:53,150,2024-11-20 01:12:29,2024-11-20 01:19:53,7.56666666666667,8.87996666666667
"S099",0.00671140939597315,0.00684931506849315,"SONA","DoggoFirst",2024-11-28 15:47:18,20.4993166666667,754152,1201479,"edge-chromium 130.0.0","false","Windows 10",1272,594,60.79,"Female",18,"Right-handed","High school",TRUE,NA,"South Asian","United Kingdom",2,NA,4,5,10,10,-3,1,NA,NA,NA,"SzNsqof28112024","DoggoNogoValidation",2024-11-28 15:49:02,2024-11-28 15:59:02,150,2024-11-28 15:49:12,2024-11-28 15:59:02,10,7.45545
"S100",0.0344827586206897,0.0122699386503067,"SONA","DoggoFirst",2024-11-28 19:56:09,21.6974333333333,823456,1291502,"chrome 131.0.0","false","Mac OS",1440,778,61.89,"Female",18,"Left-handed","High school",TRUE,NA,"White","United Kingdom",1,NA,0,0,10,10,-4,-4,NA,NA,NA,"BOyJ7rs28112024","DoggoNogoValidation",2024-11-28 19:57:29,2024-11-28 20:09:05,150,2024-11-28 19:57:38,2024-11-28 20:09:05,11.6,7.80076666666667
"S072",0.00671140939597315,0.0347826086956522,"SONA","SimpleFirst",2024-11-25 21:57:40,20.9968333333333,189237,663880,"chrome 103.0.0","false","Chrome OS",1536,746,61.98,"Female",18,"Left-handed","High school",TRUE,NA,"White","United Kingdom",2,NA,3,1,5,5,0,-2,NA,NA,NA,"AdGCoSO25112024","DoggoNogoValidation",2024-11-25 22:10:06,2024-11-25 22:18:03,150,2024-11-25 22:10:16,2024-11-25 22:18:03,7.95,7.91071666666667
"S033",0.162790697674419,0.0333333333333333,"SONA","DoggoFirst",2024-11-22 11:36:30,18.13165,594127,1069518,"edge-chromium 130.0.0","false","Windows 10",1272,602,61.98,"Female",19,"Right-handed","Master",TRUE,"Psychology, Neuroscience","White","Hungary",4,NA,7,0,10,10,-4,-4,NA,NA,NA,"ha734BV22112024","DoggoNogoValidation",2024-11-22 11:37:59,2024-11-22 11:45:54,150,2024-11-22 11:38:08,2024-11-22 11:45:54,7.91666666666667,7.92318333333333
"S095",0.048951048951049,0.06,"SONA","SimpleFirst",2024-11-27 19:21:27,17.9737,49514,504991,"safari 18.0.1","false","Mac OS",1440,820,59.82,"Female",18,"Right-handed","High school",TRUE,NA,"White","United Kingdom",2,NA,3,2,10,12,0,-3,NA,NA,NA,"sMQJwXM27112024","DoggoNogoValidation",2024-11-27 19:31:19,2024-11-27 19:38:45,150,2024-11-27 19:31:34,2024-11-27 19:38:45,7.43333333333333,7.59128333333333
"S016",0.0135135135135135,0.032,"SONA","SimpleFirst",2024-11-20 17:43:36,19.7983833333333,51645,497129,"chrome 130.0.0","false","Windows 10",1904,983,61.72,"Female",18,"Left-handed","High school",TRUE,NA,"White","United Kingdom",2,NA,0,2,15,5,-4,0,NA,NA,NA,"2oxiz5d20112024","DoggoNogoValidation",2024-11-20 17:53:45,2024-11-20 18:02:30,150,2024-11-20 17:53:55,2024-11-20 18:02:30,8.75,7.42473333333333
"S019",0.048951048951049,0.0403225806451613,"SONA","DoggoFirst",2024-11-20 18:48:44,67.9881166666667,2406622,4048477,"edge-chromium 131.0.0","false","Windows 10",1528,704,167.93,"Female",20,"Right-handed","High school",TRUE,NA,"White","United Kingdom",0,NA,0,0,30,45,-4,-4,NA,NA,NA,"SirFrwW20112024","DoggoNogoValidation",2024-11-20 18:51:08,2024-11-20 19:28:22,150,2024-11-20 18:51:18,2024-11-20 19:28:22,37.2333333333333,27.36425
"S078",0.2,0.0625,"SONA","DoggoFirst",2024-11-26 17:45:25,1151.5415,839822,69049344,"safari 16.5.0","false","Mac OS",1440,820,60.67,"Female",20,"Right-handed","Bachelor",TRUE,"other","White","United Kingdom",2,"it gets rather repeative ",3,0,10,6,-3,-4,NA,"Psychology",NA,"jvmE2Fu26112024","DoggoNogoValidation",2024-11-26 17:48:18,2024-11-26 17:57:48,150,2024-11-26 17:48:34,2024-11-26 17:57:48,9.5,1136.82536666667
"S031",0.0563380281690141,0.0240963855421687,"SONA","SimpleFirst",2024-11-22 09:34:25,24.8442666666667,78489,551333,"opera 114.0.0","false","Windows 10",1482,695,61.2,"Female",19,"Right-handed","High school",TRUE,NA,"Southeast Asian","United Kingdom",2,NA,1,3,7,12,0,0,NA,NA,NA,"ucDekse22112024","DoggoNogoValidation",2024-11-22 09:44:51,2024-11-22 09:58:45,150,2024-11-22 09:45:00,2024-11-22 09:58:45,13.9,7.88073333333333
"S106",0.00671140939597315,0.0206185567010309,"SONA","SimpleFirst",2024-11-29 16:24:28,18.3428,59089,523462,"safari 15.6.1","false","Mac OS",1664,918,61.16,"Male",19,"Right-handed","High school",TRUE,NA,"White","United Kingdom",2,NA,3,4,8,10,-2,-1,NA,NA,NA,"mJyL1hK29112024","DoggoNogoValidation",2024-11-29 16:35:50,2024-11-29 16:42:23,150,2024-11-29 16:35:59,2024-11-29 16:42:23,6.55,7.73955
"S058",0.0135135135135135,0,"SONA","SimpleFirst",2024-11-25 12:34:58,18.44465,56794,491072,"chrome 129.0.0","false","Chrome OS",1536,730,61.98,"Female",20,"Right-handed","Bachelor",TRUE,"Psychology, Neuroscience","White","United Kingdom",4,NA,6,1,10,20,1,-1,NA,NA,NA,"nJhjjcP25112024","DoggoNogoValidation",2024-11-25 12:44:11,2024-11-25 12:52:55,150,2024-11-25 12:44:20,2024-11-25 12:52:55,8.73333333333333,7.23796666666667
"S157",0.00671140939597315,0.0181818181818182,"SONA","DoggoFirst",2024-12-06 12:42:50,19.0994833333333,689715,1126887,"chrome 131.0.0","false","Windows 10",1536,695,61.49,"Other",22,"Ambidextrous","High school",TRUE,NA,"White","United Kingdom",2,NA,3,1,10,15,-1,-3,NA,NA,"Non-Binary","kLfeahN06122024","DoggoNogoValidation",2024-12-06 12:45:47,2024-12-06 12:53:24,150,2024-12-06 12:45:56,2024-12-06 12:53:24,7.61666666666667,7.2862
"S013",0.00671140939597315,0.0273972602739726,"SONA","DoggoFirst",2024-11-20 16:04:14,23.61475,860814,1397213,"chrome 130.0.0","false","Chrome OS",1536,730,60.78,"Other",19,"Left-handed","High school",TRUE,NA,"White","United Kingdom",2,NA,5,2,15,15,-2,-4,NA,NA,"non-binary","YVbFLBp20112024","DoggoNogoValidation",2024-11-20 16:06:50,2024-11-20 16:17:40,150,2024-11-20 16:07:18,2024-11-20 16:17:40,10.8333333333333,8.93998333333333
"S083",0.111111111111111,0.040650406504065,"SONA","SimpleFirst",2024-11-26 21:34:29,19.6431333333333,62393,520255,"chrome 131.0.0","false","Windows 10",1366,633,60.68,"Female",18,"Right-handed","High school",TRUE,NA,"White","United Kingdom",0,NA,0,3,30,20,-3,-1,NA,NA,NA,"25bThqa26112024","DoggoNogoValidation",2024-11-26 21:44:18,2024-11-26 21:53:33,150,2024-11-26 21:44:28,2024-11-26 21:53:33,9.25,7.63103333333333
"S056",0.0563380281690141,0.0353982300884956,"SONA","DoggoFirst",2024-11-24 21:43:10,19.4246666666667,671508,1152286,"chrome 130.0.0","false","Mac OS",1439,788,60.88,"Female",18,"Right-handed","Bachelor",TRUE,"Psychology, Neuroscience","White","Switzerland",2,NA,4,2,9,15,0,-2,NA,NA,NA,"4nNmmgX24112024","DoggoNogoValidation",2024-11-24 21:44:54,2024-11-24 21:53:39,150,2024-11-24 21:45:03,2024-11-24 21:53:39,8.75,8.01296666666667
"S070",0.0204081632653061,0.0330578512396694,"SONA","SimpleFirst",2024-11-25 18:43:46,27.3196166666667,275638,943740,"chrome 131.0.0","false","Windows 10",1536,695,60.7,"Female",19,"Left-handed","High school",TRUE,NA,"White","United Kingdom",4,NA,6,6,10,15,-2,0,NA,NA,NA,"eRlHtJR25112024","DoggoNogoValidation",2024-11-25 19:01:19,2024-11-25 19:09:59,150,2024-11-25 19:01:29,2024-11-25 19:09:59,8.66666666666667,11.1350333333333
"S156",0.00671140939597315,0.032967032967033,"SONA","DoggoFirst",2024-12-06 09:10:25,17.3060333333333,526082,978791,"chrome 131.0.0","false","Windows 10",1280,585,60.47,"Male",20,"Left-handed","High school",TRUE,NA,"White","United Kingdom",3,"For the second task, you can see the navigator on the screen. That might be a subconscious distractor ",7,1,8,7,2,-3,NA,NA,NA,"0yP0enG06122024","DoggoNogoValidation",2024-12-06 09:12:10,2024-12-06 09:18:36,150,2024-12-06 09:12:19,2024-12-06 09:18:36,6.43333333333333,7.54515
"S110",0.136363636363636,0.0317460317460317,"SONA","SimpleFirst",2024-11-30 11:39:09,21.6723666666667,75407,611971,"chrome 129.0.0","false","Mac OS",1113,699,30.13,"Female",22,"Left-handed","High school",TRUE,NA,"White","United Kingdom",4,NA,6,5,10,10,2,2,NA,NA,NA,"8bWmvYa30112024","DoggoNogoValidation",2024-11-30 11:50:16,2024-11-30 12:00:13,150,2024-11-30 11:50:27,2024-11-30 12:00:13,9.95,8.94273333333333
"S093",0.0344827586206897,0.0753424657534247,"SONA","DoggoFirst",2024-11-27 18:36:57,29.4935833333333,1000917,1495580,"safari 15.6.0","false","Mac OS",1470,840,60.12,"Female",20,"Left-handed","Bachelor",TRUE,"Psychology, Neuroscience","White","United Kingdom",2,NA,7,0,15,10,0,-4,NA,NA,NA,"7332Je127112024","DoggoNogoValidation",2024-11-27 18:39:06,2024-11-27 18:51:10,150,2024-11-27 18:39:28,2024-11-27 18:51:10,12.0666666666667,8.24438333333333
"S021",0.145038167938931,0.04,"SONA","SimpleFirst",2024-11-20 21:54:35,21.6464333333333,92090,582804,"chrome 131.0.0","false","Windows 10",1536,730,61.13,"Female",19,"Right-handed","High school",TRUE,NA,"South Asian","United Kingdom",4,NA,4,7,10,5,0,1,NA,NA,NA,"I3qXykB20112024","DoggoNogoValidation",2024-11-20 22:05:44,2024-11-20 22:15:13,150,2024-11-20 22:05:56,2024-11-20 22:15:13,9.48333333333333,8.17856666666667
"S122",0.0563380281690141,0.00980392156862745,"SONA","SimpleFirst",2024-12-02 14:16:11,19.0098333333333,53943,619763,"safari 17.6.0","false","Mac OS",1440,820,57.47,"Female",20,"Right-handed","Bachelor",TRUE,"Psychology, Neuroscience","White","United Kingdom",3,NA,3,1,7,7,-1,0,NA,NA,NA,"TcxQtAm02122024","DoggoNogoValidation",2024-12-02 14:27:15,2024-12-02 14:34:26,150,2024-12-02 14:27:24,2024-12-02 14:34:26,7.18333333333333,9.43033333333333
"S143",0.162790697674419,0,"SONA","SimpleFirst",2024-12-04 21:01:24,17.1158,44876,513441,"safari 16.6.0","false","Mac OS",1232,728,60.3,"Female",19,"Right-handed","High school",TRUE,NA,"Middle Eastern/North African","United Kingdom",2,NA,5,0,2,3,-1,-4,NA,NA,NA,"8IoQV6u04122024","DoggoNogoValidation",2024-12-04 21:10:58,2024-12-04 21:17:47,150,2024-12-04 21:11:07,2024-12-04 21:17:47,6.81666666666667,7.80941666666667
"S020",0.00671140939597315,0.0099009900990099,"SONA","SimpleFirst",2024-11-20 20:20:48,19.47175,68426,557519,"safari 17.5.0","false","Mac OS",1228,738,57.58,"Female",21,"Right-handed","High school",TRUE,NA,"White","United Kingdom",3,NA,2,4,6,7,-2,0,NA,NA,NA,"Im8mw7X20112024","DoggoNogoValidation",2024-11-20 20:32:19,2024-11-20 20:39:43,150,2024-11-20 20:32:45,2024-11-20 20:39:43,7.4,8.15155
"S160",0.0135135135135135,0.027972027972028,"SONA","SimpleFirst",2024-12-06 16:34:23,23.8393,91203,552467,"edge-chromium 131.0.0","false","Windows 10",1528,704,61.36,"Female",18,"Right-handed","High school",TRUE,NA,"Hispanic/Latino","United Kingdom",2,NA,2,3,15,10,-4,-3,NA,NA,NA,"4vJ1nL406122024","DoggoNogoValidation",2024-12-06 16:44:57,2024-12-06 16:57:33,150,2024-12-06 16:45:08,2024-12-06 16:57:33,12.6,7.68773333333333
"S145",0.0638297872340425,0.0508474576271186,"SONA","DoggoFirst",2024-12-05 00:33:54,20.50885,673437,1196309,"edge-ios 130.0.2849","true","iOS",980,628,59.52,"Female",20,"Right-handed","High school",TRUE,NA,"White","United Kingdom",0,NA,3,0,5,10,-4,-4,NA,NA,NA,"vjTZ56a05122024","DoggoNogoValidation",2024-12-05 00:35:38,2024-12-05 00:44:17,150,2024-12-05 00:35:48,2024-12-05 00:44:17,8.65,8.71453333333333
"S005",0.00671140939597315,0.032520325203252,"SONA","SimpleFirst",2024-11-19 17:14:23,18.6966833333333,39523,501961,"chrome 131.0.0","false","Mac OS",1710,981,61.38,"Female",19,"Right-handed","Bachelor",TRUE,"Psychology, Neuroscience","Southeast Asian","United Kingdom",4,NA,4,3,10,10,-1,-2,NA,NA,NA,"nOz0Gpt19112024","DoggoNogoValidation",2024-11-19 17:23:54,2024-11-19 17:32:31,150,2024-11-19 17:24:05,2024-11-19 17:32:31,8.61666666666667,7.7073
"S139",0.0273972602739726,0.0181818181818182,"SONA","DoggoFirst",2024-12-04 16:18:02,21.1433166666667,635855,1252607,"chrome 131.0.0","false","Windows 10",1536,695,61.6,"Female",20,"Right-handed","High school",TRUE,NA,"White","United Kingdom",2,NA,6,0,20,25,1,-4,NA,NA,NA,"sTcnhJJ04122024","DoggoNogoValidation",2024-12-04 16:20:10,2024-12-04 16:28:01,150,2024-12-04 16:20:20,2024-12-04 16:28:01,7.85,10.2792
"S045",0.00671140939597315,0.040650406504065,"SONA","SimpleFirst",2024-11-23 17:23:51,20.1668166666667,57894,570526,"chrome 131.0.0","false","Mac OS",1440,812,60.62,"Female",19,"Right-handed","High school",TRUE,NA,"White","United Kingdom",2,NA,3,5,6,7,-3,-1,NA,NA,NA,"F6OVB8i23112024","DoggoNogoValidation",2024-11-23 17:34:35,2024-11-23 17:43:25,150,2024-11-23 17:34:45,2024-11-23 17:43:25,8.83333333333333,8.54386666666667
"S116",0.00671140939597315,0.00763358778625954,"SONA","SimpleFirst",2024-12-02 01:12:09,18.8637,34513,476417,"safari 17.5.0","false","Mac OS",1920,1120,60.73,"Female",20,"Left-handed","High school",TRUE,NA,"White","United Kingdom",3,NA,6,2,8,5,1,-1,NA,NA,NA,"upPsGzY02122024","DoggoNogoValidation",2024-12-02 01:21:17,2024-12-02 01:30:17,150,2024-12-02 01:21:27,2024-12-02 01:30:17,9,7.36506666666667
"S007",0.0273972602739726,0.0310077519379845,"SONA","SimpleFirst",2024-11-19 17:28:14,25.5654333333333,119746,807035,"chrome 130.0.0","false","Windows 10",1280,551,61.17,"Female",19,"Right-handed","High school",TRUE,NA,"South Asian","United Kingdom",2,NA,3,4,7,10,-2,2,NA,NA,NA,"g3O8ijT19112024","DoggoNogoValidation",2024-11-19 17:43:13,2024-11-19 17:52:40,150,2024-11-19 17:43:23,2024-11-19 17:52:40,9.45,11.4548166666667
"S121",0.0135135135135135,0.0181818181818182,"SONA","DoggoFirst",2024-12-02 13:54:50,19.6652833333333,660921,1162040,"safari 17.6.0","false","Mac OS",1180,777,58.37,"Female",20,"Right-handed","Other",NA,NA,"White","United Kingdom",2,NA,4,1,22,10,-1,-3,"A-Levels",NA,NA,"Uc70RCh02122024","DoggoNogoValidation",2024-12-02 13:57:08,2024-12-02 14:04:54,150,2024-12-02 13:57:17,2024-12-02 14:04:54,7.76666666666667,8.35198333333333
"S130",0.00671140939597315,0.0521739130434783,"SONA","SimpleFirst",2024-12-03 13:50:36,19.8506333333333,84312,526982,"edge-chromium 130.0.0","false","Windows 10",1528,704,61.69,"Female",19,"Right-handed","High school",TRUE,NA,"White","United Kingdom",2,NA,3,2,8,6,-1,-1,NA,NA,NA,"gJrTaCs03122024","DoggoNogoValidation",2024-12-03 14:01:38,2024-12-03 14:09:30,150,2024-12-03 14:01:47,2024-12-03 14:09:30,7.86666666666667,7.37783333333333
"S039",0.0135135135135135,0.0247933884297521,"SONA","DoggoFirst",2024-11-22 21:01:52,19.3703166666667,624768,1120816,"chrome 131.0.0","false","Windows 10",1536,703,61.23,"Female",19,"Right-handed","High school",TRUE,NA,"White","United Kingdom",4,"the background of the first task made it difficult to see some of the bones appearing",6,3,10,8,1,0,NA,NA,NA,"NOEuTW122112024","DoggoNogoValidation",2024-11-22 21:03:04,2024-11-22 21:11:42,150,2024-11-22 21:03:15,2024-11-22 21:11:42,8.63333333333333,8.26746666666667
"S075",0.0416666666666667,0.0347222222222222,"SONA","SimpleFirst",2024-11-26 11:53:48,24.30485,76741,676132,"chrome 128.0.0","false","Mac OS",1710,981,61.91,"Female",18,"Right-handed","High school",TRUE,NA,"White","United Kingdom",2,NA,2,1,20,8,-4,-3,NA,NA,NA,"RLMwSXF26112024","DoggoNogoValidation",2024-11-26 12:06:14,2024-11-26 12:17:08,150,2024-11-26 12:06:33,2024-11-26 12:17:08,10.9,9.98985
"S087",0.00671140939597315,0.0434782608695652,"SONA","SimpleFirst",2024-11-27 15:22:53,17.4795833333333,42856,480128,"chrome 124.0.0","false","Windows 10",1280,559,61.24,"Female",19,"Right-handed","High school",TRUE,NA,"White","United Kingdom",2,NA,3,2,12,10,0,-1,NA,NA,NA,"sg6xBIG27112024","DoggoNogoValidation",2024-11-27 15:31:56,2024-11-27 15:39:52,150,2024-11-27 15:32:05,2024-11-27 15:39:52,7.93333333333333,7.28786666666667
"S066",0.0135135135135135,0.00970873786407767,"SONA","DoggoFirst",2024-11-25 17:13:36,18.9191666666667,606127,1110233,"chrome 130.0.0","false","Windows 10",1280,585,65.55,"Female",19,"Right-handed","High school",TRUE,NA,"White","United Kingdom",2,NA,5,0,7,14,-1,-4,NA,NA,NA,"GYdL3mO25112024","DoggoNogoValidation",2024-11-25 17:15:56,2024-11-25 17:22:54,150,2024-11-25 17:16:06,2024-11-25 17:22:54,6.96666666666667,8.40176666666667
"S105",0.00671140939597315,0,"SONA","DoggoFirst",2024-11-29 13:23:57,19.39245,614029,1138842,"chrome 131.0.0","false","Windows 10",1920,991,147.82,"Female",21,"Right-handed","Bachelor",TRUE,"Psychology, Neuroscience","White","United Kingdom",3,"the puppy experiment was so fun!",7,2,15,20,2,-2,NA,NA,NA,"tyzYOjL29112024","DoggoNogoValidation",2024-11-29 13:26:14,2024-11-29 13:33:30,150,2024-11-29 13:26:23,2024-11-29 13:33:30,7.26666666666667,8.74688333333333
"S009",0.0344827586206897,0,"SONA","SimpleFirst",2024-11-19 22:23:38,19.0423,87142,605949,"chrome 130.0.0","false","Windows 10",1536,730,61.28,"Female",20,"Right-handed","High school",TRUE,NA,"White","United Kingdom",4,NA,6,5,7,10,1,-2,NA,NA,NA,"rB7iSCm19112024","DoggoNogoValidation",2024-11-19 22:35:06,2024-11-19 22:41:46,150,2024-11-19 22:35:24,2024-11-19 22:41:45,6.66666666666667,8.64678333333333
"S041",0.079136690647482,0.0551181102362205,"SONA","SimpleFirst",2024-11-23 00:57:38,19.9491833333333,104135,552129,"chrome 130.0.0","false","Windows 10",1280,551,61.22,"Female",20,"Left-handed","High school",TRUE,NA,"White","United Kingdom",0,NA,1,0,8,7,-4,-2,NA,NA,NA,"xgEyVWZ23112024","DoggoNogoValidation",2024-11-23 01:07:39,2024-11-23 01:16:57,150,2024-11-23 01:07:55,2024-11-23 01:16:57,9.3,7.46656666666667
"S014",0,0.00943396226415094,"SONA","DoggoFirst",2024-11-20 17:17:06,21.2293166666667,721849,1188298,"chrome 130.0.0","false","Mac OS",1246,810,61.93,"Female",20,"Right-handed","Bachelor",TRUE,"Psychology, Neuroscience","White","United Kingdom",3,NA,5,2,0,3,1,-1,NA,NA,NA,"9GWcnso20112024","DoggoNogoValidation",2024-11-20 17:20:30,2024-11-20 17:27:53,150,2024-11-20 17:20:45,2024-11-20 17:27:53,7.38333333333333,7.77415
"S076",0,0.0087719298245614,"SONA","SimpleFirst",2024-11-26 12:12:32,19.9892166666667,185378,623187,"firefox 132.0.0","false","Windows 10",1280,586,60.79,"Female",19,"Right-handed","Bachelor",TRUE,"Psychology, Neuroscience","White","United Kingdom",2,NA,5,3,10,6,-1,0,NA,NA,NA,"3GQzSIY26112024","DoggoNogoValidation",2024-11-26 12:24:06,2024-11-26 12:31:54,150,2024-11-26 12:24:16,2024-11-26 12:31:54,7.8,7.29681666666667
"S012",0,0.00757575757575758,"SONA","SimpleFirst",2024-11-20 15:38:21,21.1969166666667,103064,578621,"chrome 131.0.0","false","Windows 10",1536,703,61.15,"Female",19,"Right-handed","High school",TRUE,NA,"White","United Kingdom",2,NA,3,2,7,6,0,-1,NA,NA,NA,"NBhDPfw20112024","DoggoNogoValidation",2024-11-20 15:49:49,2024-11-20 15:58:55,150,2024-11-20 15:49:59,2024-11-20 15:58:55,9.1,7.92595
"S079",0,0.00934579439252336,"SONA","SimpleFirst",2024-11-26 19:29:01,18.8213666666667,97956,549078,"chrome 131.0.0","false","Mac OS",1440,683,61.21,"Female",19,"Right-handed","High school",TRUE,NA,"White","United Kingdom",2,NA,5,2,5,13,1,0,NA,NA,NA,"7ZQSINI26112024","DoggoNogoValidation",2024-11-26 19:39:39,2024-11-26 19:46:59,150,2024-11-26 19:39:48,2024-11-26 19:46:59,7.33333333333333,7.5187
"S090",0,0.046875,"SONA","SimpleFirst",2024-11-27 16:40:18,19.77375,60406,526602,"chrome 130.0.0","false","Mac OS",1440,778,60.8,"Female",20,"Right-handed","High school",TRUE,NA,"White","United Kingdom",4,NA,5,3,9,6,1,-2,NA,NA,NA,"gBQMvTt27112024","DoggoNogoValidation",2024-11-27 16:50:16,2024-11-27 16:59:13,150,2024-11-27 16:50:27,2024-11-27 16:59:13,8.95,7.76993333333333
"S128",0,0.00892857142857143,"SONA","SimpleFirst",2024-12-03 04:48:09,21.7636333333333,191344,634718,"safari 18.1.0","false","Mac OS",1710,989,59.46,"Male",19,"Right-handed","Bachelor",TRUE,"Psychology, Neuroscience","Southeast Asian","United Kingdom",0,NA,0,1,7,5,-4,-4,NA,NA,NA,"jmzrJ4o03122024","DoggoNogoValidation",2024-12-03 05:00:26,2024-12-03 05:08:44,150,2024-12-03 05:00:36,2024-12-03 05:08:43,8.3,7.38956666666667
"S026",0,0.0178571428571429,"SONA","DoggoFirst",2024-11-21 14:37:07,23.25855,895451,1342983,"opera 114.0.0","false","Windows 10",1495,746,60.9,"Male",19,"Right-handed","High school",TRUE,NA,"White","United Kingdom",2,"i dont like ai art",2,0,9.4,10,-1,-3,NA,NA,NA,"9mb3O4q21112024","DoggoNogoValidation",2024-11-21 14:43:06,2024-11-21 14:50:56,150,2024-11-21 14:43:17,2024-11-21 14:50:56,7.83333333333333,7.45886666666667
"S001",0,0.0148148148148148,"SONA","DoggoFirst",2024-11-19 13:43:05,22.3035166666667,799272,1241320,"chrome 130.0.0","false","Windows 10",1920,911,61.38,"Male",19,"Left-handed","High school",TRUE,NA,"Mixed","United Kingdom",0,NA,1,0,8,5,-3,-4,NA,NA,NA,"uHUV1y519112024","DoggoNogoValidation",2024-11-19 13:45:53,2024-11-19 13:55:35,150,2024-11-19 13:46:03,2024-11-19 13:55:35,9.7,7.36746666666667
"S048",0,0.00909090909090909,"SONA","DoggoFirst",2024-11-24 11:48:26,23.2081166666667,841138,1342260,"opera 114.0.0","false","Windows 10",1495,712,60.96,"Male",21,"Right-handed","High school",TRUE,NA,"White","United Kingdom",1,NA,2,3,10,7,-3,-1,NA,NA,NA,"izy960D24112024","DoggoNogoValidation",2024-11-24 11:52:37,2024-11-24 12:01:10,150,2024-11-24 11:52:47,2024-11-24 12:01:10,8.55,8.35203333333333
"S144",0,0.0087719298245614,"SONA","SimpleFirst",2024-12-04 23:17:52,19.4281333333333,81858,537628,"chrome 126.0.0","false","Mac OS",1470,833,61.43,"Female",19,"Left-handed","High school",TRUE,NA,"White","United Kingdom",2,NA,4,3,8.5,7,-1,0,NA,NA,NA,"P1YAqBB04122024","DoggoNogoValidation",2024-12-04 23:28:16,2024-12-04 23:36:28,150,2024-12-04 23:28:26,2024-12-04 23:36:28,8.2,7.59616666666667
"S057",0,0.027027027027027,"SONA","DoggoFirst",2024-11-25 03:02:52,20.3456,692225,1154125,"chrome 131.0.0","false","Windows 10",1368,743,61.52,"Female",19,"Right-handed","High school",TRUE,NA,"Mixed","United Kingdom",0,NA,4,3,5,8,-2,-3,NA,NA,NA,"2WlSqZe25112024","DoggoNogoValidation",2024-11-25 03:05:13,2024-11-25 03:13:03,150,2024-11-25 03:05:23,2024-11-25 03:13:03,7.83333333333333,7.69833333333333
"S155",0,0.032,"SONA","SimpleFirst",2024-12-05 21:43:44,18.9968,36392,526287,"edge-chromium 131.0.0","false","Windows 10",1272,641,61.04,"Female",18,"Right-handed","High school",TRUE,NA,"White","United Kingdom",0,NA,0,3,15,10,-4,-4,NA,NA,NA,"Vd9ngzk05122024","DoggoNogoValidation",2024-12-05 21:53:42,2024-12-05 22:02:22,150,2024-12-05 21:53:51,2024-12-05 22:02:22,8.66666666666667,8.16491666666667
"S081",0,0.0072463768115942,"SONA","SimpleFirst",2024-11-26 20:09:50,25.1164666666667,108655,729418,"safari 18.1.1","false","Mac OS",1194,791,60.3,"Female",20,"Right-handed","Bachelor",TRUE,"other","White","United Kingdom",3,NA,6,5,15,10,1,1,NA,"Psychology Bsc",NA,"SEEuBfE26112024","DoggoNogoValidation",2024-11-26 20:24:18,2024-11-26 20:34:14,150,2024-11-26 20:24:27,2024-11-26 20:34:14,9.93333333333333,10.34605
"S071",0,0.0101010101010101,"SONA","SimpleFirst",2024-11-25 19:49:17,20.0827,69147,560996,"safari 16.6.0","false","Mac OS",1329,752,30.2,"Female",22,"Right-handed","High school",TRUE,NA,"White","United Kingdom",4,"loved it",7,3,4,7,4,-1,NA,NA,NA,"4JwBTXR25112024","DoggoNogoValidation",2024-11-25 20:00:42,2024-11-25 20:07:35,150,2024-11-25 20:00:58,2024-11-25 20:07:35,6.88333333333333,8.19748333333333
"S085",0,0.00934579439252336,"SONA","SimpleFirst",2024-11-27 07:56:59,26.4125,142097,935935,"edge-chromium 131.0.0","false","Windows 10",1514,724,60.23,"Male",19,"Right-handed","High school",TRUE,NA,"White","United Kingdom",2,NA,3,4,15,10,-2,0,NA,NA,NA,"lKrlNGl27112024","DoggoNogoValidation",2024-11-27 08:14:46,2024-11-27 08:22:23,150,2024-11-27 08:14:57,2024-11-27 08:22:23,7.61666666666667,13.2306333333333
"S103",0,0.016,"SONA","DoggoFirst",2024-11-29 11:16:19,29.6688,1268250,1707237,"edge-chromium 131.0.0","false","Windows 10",1108,568,61.72,"Female",18,"Right-handed","High school",TRUE,NA,"White","United Kingdom",3,NA,6,5,7,8,1,0,NA,NA,NA,"kF0IDqI29112024","DoggoNogoValidation",2024-11-29 11:18:16,2024-11-29 11:29:40,150,2024-11-29 11:18:45,2024-11-29 11:29:40,11.4,7.31645
"S073",0,0.03,"SONA","DoggoFirst",2024-11-26 00:20:50,18.8302833333333,639761,1076748,"safari 18.1.0","false","Mac OS",1470,840,60.36,"Female",19,"Right-handed","High school",TRUE,NA,"Mixed","United Kingdom",2,NA,4,0,10,12,0,-4,NA,NA,NA,"lq4TgWF26112024","DoggoNogoValidation",2024-11-26 00:23:07,2024-11-26 00:30:04,150,2024-11-26 00:23:20,2024-11-26 00:30:03,6.95,7.28311666666667
"S030",0,0.0104166666666667,"SONA","SimpleFirst",2024-11-21 18:24:25,18.3073166666667,92857,562241,"firefox 132.0.0","false","Windows 10",1920,954,102.92,"Male",19,"Right-handed","High school",TRUE,NA,"White","United Kingdom",3,NA,3,4,5,7,-3,1,NA,NA,NA,"6wNkfkB21112024","DoggoNogoValidation",2024-11-21 18:35:22,2024-11-21 18:41:48,150,2024-11-21 18:35:33,2024-11-21 18:41:48,6.43333333333333,7.82306666666667
"S084",0,0.0182926829268293,"SONA","SimpleFirst",2024-11-26 22:10:36,22.1576,57753,507557,"chrome 131.0.0","false","Windows 10",1280,551,61.82,"Female",20,"Right-handed","High school",TRUE,NA,"South Asian","United Kingdom",3,NA,3,5,10,5,-2,0,NA,NA,NA,"Y6OfTuS26112024","DoggoNogoValidation",2024-11-26 22:20:24,2024-11-26 22:32:01,150,2024-11-26 22:20:35,2024-11-26 22:32:01,11.6166666666667,7.49673333333333
"S089",0,0.0353982300884956,"SONA","SimpleFirst",2024-11-27 16:32:58,19.9391166666667,91578,522693,"chrome 131.0.0","false","Mac OS",1470,831,61.73,"Female",18,"Right-handed","High school",TRUE,NA,"White","United Kingdom",2,NA,1,2,5,10,-2,0,NA,NA,NA,"6PTig1L27112024","DoggoNogoValidation",2024-11-27 16:43:40,2024-11-27 16:51:51,150,2024-11-27 16:43:50,2024-11-27 16:51:51,8.18333333333333,7.18525
"S077",0,0.0252100840336134,"SONA","DoggoFirst",2024-11-26 16:34:17,20.5284333333333,729495,1186664,"edge-chromium 131.0.0","false","Windows 10",1528,738,61.12,"Female",19,"Right-handed","High school",TRUE,NA,"White","United Kingdom",2,NA,4,3,8,13,-2,-1,NA,NA,NA,"Zza0OSA26112024","DoggoNogoValidation",2024-11-26 16:37:04,2024-11-26 16:45:27,150,2024-11-26 16:37:14,2024-11-26 16:45:27,8.38333333333333,7.61948333333333
"S141",0,0.0202020202020202,"SONA","SimpleFirst",2024-12-04 16:55:21,16.9010666666667,38817,524236,"safari 18.1.1","false","Mac OS",1366,982,56.23,"Female",19,"Right-handed","High school",TRUE,NA,"South Asian","United Kingdom",1,NA,0,1,6,3,-4,-1,NA,NA,NA,"uNzznHi04122024","DoggoNogoValidation",2024-12-04 17:05:11,2024-12-04 17:11:44,150,2024-12-04 17:05:21,2024-12-04 17:11:44,6.55,8.09031666666667
"S080",0,0.0112359550561798,"SONA","DoggoFirst",2024-11-26 20:08:12,19.6775166666667,633094,1083329,"safari 17.0.0","false","Mac OS",1223,781,59.06,"Female",40,"Right-handed","High school",TRUE,NA,"White","United Kingdom",3,NA,3,3,8,8,-1,-3,NA,NA,NA,"X9McCHR26112024","DoggoNogoValidation",2024-11-26 20:10:33,2024-11-26 20:17:17,150,2024-11-26 20:10:43,2024-11-26 20:17:17,6.73333333333333,7.50391666666667
"S082",0,0.0347222222222222,"SONA","SimpleFirst",2024-11-26 20:57:21,25.6134166666667,128745,633141,"safari 17.5.0","false","Mac OS",1440,743,30.15,"Female",20,"Right-handed","High school",TRUE,NA,"White","United Kingdom",3,"No comments",1,1,15,15,0,1,NA,NA,NA,"RL8oaab26112024","DoggoNogoValidation",2024-11-26 21:10:49,2024-11-26 21:21:22,150,2024-11-26 21:11:00,2024-11-26 21:21:22,10.55,8.4066
"S028",0,0.0196078431372549,"SONA","SimpleFirst",2024-11-21 15:44:54,27.5224666666667,622402,1092357,"safari 17.2.1","false","Mac OS",1588,821,60.36,"Female",19,"Right-handed","High school",TRUE,NA,"White","United Kingdom",1,NA,2,1,7,10,-2,0,NA,NA,NA,"h27Fcac21112024","DoggoNogoValidation",2024-11-21 16:04:35,2024-11-21 16:11:35,150,2024-11-21 16:04:45,2024-11-21 16:11:35,7,7.83258333333333
"S063",0,0.0297029702970297,"SONA","DoggoFirst",2024-11-25 14:43:59,17.1119333333333,578702,1002170,"chrome 130.0.0","false","Windows 10",1600,739,51.01,"Female",22,"Right-handed","Bachelor",TRUE,"Psychology, Neuroscience","White","United Kingdom",2,"didnt like the doggy one ",1,2,7,5,-1,-2,NA,NA,NA,"Pg3606025112024","DoggoNogoValidation",2024-11-25 14:45:58,2024-11-25 14:52:53,150,2024-11-25 14:46:08,2024-11-25 14:52:53,6.91666666666667,7.0578
"S137",0,0.016,"SONA","DoggoFirst",2024-12-04 14:54:49,24.5178166666667,797037,1442287,"chrome 131.0.0","false","Windows 10",1536,703,61.99,"Female",20,"Right-handed","High school",TRUE,NA,"White","United Kingdom",2,NA,3,1,8,12,-2,-3,NA,NA,NA,"DiTQka804122024","DoggoNogoValidation",2024-12-04 14:57:06,2024-12-04 15:06:51,150,2024-12-04 14:57:16,2024-12-04 15:06:50,9.75,10.7541666666667
"S053",0,0.0260869565217391,"SONA","SimpleFirst",2024-11-24 20:00:25,20.51645,80722,522432,"chrome 131.0.0","false","Windows 10",1280,559,61.34,"Female",19,"Right-handed","High school",TRUE,NA,"White","United Kingdom",4,"woof",6,6,6,6,1,1,NA,NA,NA,"r1p7OBo24112024","DoggoNogoValidation",2024-11-24 20:10:48,2024-11-24 20:19:00,150,2024-11-24 20:11:14,2024-11-24 20:19:00,8.2,7.36183333333333
"S152",0,0.0573770491803279,"SONA","DoggoFirst",2024-12-05 17:16:17,20.0873333333333,670490,1179743,"chrome 129.0.0","false","Mac OS",1440,812,61.05,"Female",18,"Right-handed","High school",TRUE,NA,"White","United Kingdom",1,"no nothing cheers",1,1,8,7,-1,-3,NA,NA,NA,"ruPt0YS05122024","DoggoNogoValidation",2024-12-05 17:17:42,2024-12-05 17:26:26,150,2024-12-05 17:17:51,2024-12-05 17:26:26,8.73333333333333,8.48755
"S097",0,0,"SONA","SimpleFirst",2024-11-28 11:43:34,18.0690833333333,87823,570455,"chrome 131.0.0","false","Windows 10",1280,665,60.72,"Female",18,"Left-handed","High school",TRUE,NA,"White","United Kingdom",2,NA,3,2,9,12,0,1,NA,NA,NA,"5yNmVij28112024","DoggoNogoValidation",2024-11-28 11:54:30,2024-11-28 12:01:01,150,2024-11-28 11:54:39,2024-11-28 12:01:01,6.51666666666667,8.04386666666667
"S126",0,0,"SONA","SimpleFirst",2024-12-02 21:24:24,24.2025833333333,68144,851620,"chrome 116.0.0","false","Mac OS",1440,783,60.86,"Male",21,"Left-handed","High school",TRUE,NA,"Mixed","United Kingdom",3,NA,5,3,7,2,2,0,NA,NA,NA,"PyhX3NP02122024","DoggoNogoValidation",2024-12-02 21:40:50,2024-12-02 21:47:42,150,2024-12-02 21:41:00,2024-12-02 21:47:42,6.86666666666667,13.0579333333333
"S060",0,0,"SONA","SimpleFirst",2024-11-25 13:05:02,26.19595,324822,849850,"edge-chromium 131.0.0","false","Windows 10",1272,594,61.55,"Female",20,"Right-handed","High school",TRUE,NA,"White","United Kingdom",3,"the first task felt easier as the background was plain but more boring. The second task felt harder as the background was distracting and it meant i kept missing it so got bored quicker",4,4,10,6,-2,-1,NA,NA,NA,"iQNggxP25112024","DoggoNogoValidation",2024-11-25 13:20:49,2024-11-25 13:29:26,150,2024-11-25 13:20:59,2024-11-25 13:29:26,8.61666666666667,8.75046666666667
"S064",0,0,"SONA","DoggoFirst",2024-11-25 14:46:30,18.9200166666667,665459,1083274,"chrome 130.0.0","false","Mac OS",1440,812,61.82,"Male",20,"Right-handed","High school",TRUE,NA,"White","United Kingdom",1,NA,2,0,8,9,-3,-3,NA,NA,NA,"8tbkOFX25112024","DoggoNogoValidation",2024-11-25 14:48:48,2024-11-25 14:56:31,150,2024-11-25 14:48:58,2024-11-25 14:56:31,7.71666666666667,6.96358333333333
"S065",0,0,"SONA","SimpleFirst",2024-11-25 15:56:29,22.6991833333333,107016,708860,"edge-chromium 131.0.0","false","Windows 10",1358,650,61.2,"Female",22,"Right-handed","High school",TRUE,NA,"White","United Kingdom",4,NA,5,4,10,15,2,1,NA,NA,NA,"xjBjpLL25112024","DoggoNogoValidation",2024-11-25 16:10:24,2024-11-25 16:18:21,150,2024-11-25 16:10:33,2024-11-25 16:18:21,7.95,10.0307333333333
"S133",0,0,"SONA","SimpleFirst",2024-12-03 22:11:13,19.4048666666667,104175,595450,"chrome 131.0.0","false","Windows 10",1280,665,61.29,"Female",20,"Right-handed","High school",TRUE,NA,"South Asian","United Kingdom",3,NA,5,2,10,5,1,-1,NA,NA,NA,"0gqCDLj03122024","DoggoNogoValidation",2024-12-03 22:23:44,2024-12-03 22:30:00,150,2024-12-03 22:23:54,2024-12-03 22:30:00,6.26666666666667,8.18791666666667
"S117",0,0,"SONA","SimpleFirst",2024-12-02 12:23:00,17.0817666666667,45485,528255,"chrome 131.0.0","false","Mac OS",1280,654,60.79,"Female",19,"Right-handed","High school",TRUE,NA,"White","United Kingdom",3,NA,5,0,5,7,1,-4,NA,NA,NA,"cvU3rED02122024","DoggoNogoValidation",2024-12-02 12:32:55,2024-12-02 12:39:16,150,2024-12-02 12:33:04,2024-12-02 12:39:16,6.35,8.04616666666667
"S086",0,0,"SONA","DoggoFirst",2024-11-27 14:07:24,22.6476833333333,630912,1127366,"chrome 131.0.0","false","Windows 10",1536,791,169.11,"Female",28,"Right-handed","High school",TRUE,NA,"White","United Kingdom",3,"Initially in both tasks I was unsure whether the *only* objects would be bones, or red squares and I was worried I might click when a different kind of object would appear :)",5,4,7,7,0,0,NA,NA,NA,"S3zuUBA27112024","DoggoNogoValidation",2024-11-27 14:09:36,2024-11-27 14:16:04,150,2024-11-27 14:09:53,2024-11-27 14:16:04,6.46666666666667,8.27423333333333
