"Participant","Recruitment","Condition","Experiment_StartDate","Experiment_Duration","SimpleRT_start","SimpleRT_end","Browser_Version","Mobile","Platform","Screen_Width","Screen_Height","Refresh_Rate","Gender","Age","Handedness","Education","Student","Discipline","Ethnicity","Country","Experiment_Enjoyment","Experiment_Feedback","Assessment_Enjoyment_DoggoNogo","Assessment_Enjoyment_Simple","Assessment_Duration_DoggoNogo","Assessment_Duration_Simple","Assessment_Repeat_DoggoNogo","Assessment_Repeat_Simple","Education-Comment","Discipline-Comment","Gender-Comment","DoggoNogo_ID","DoggoNogo_Study","DoggoNogo_Start","DoggoNogo_End","DoggoNogo_Level1_N","DoggoNogo_L1_Start","DoggoNogo_L1_End"
"S120","SONA","DoggoFirst",2024-12-02 13:31:30,24.29535,874550,1400631,"chrome 131.0.0","false","Windows 10",1280,585,60.92,"Female","19","Right-handed","High school","TRUE",NA,"White","United Kingdom",3,NA,5,1,10,7,1,-2,NA,NA,NA,"eE1te9K02122024","DoggoNogoValidation","2024-12-02 13:33:51","2024-12-02 13:44:55","150","2024-12-02 13:34:01","2024-12-02 13:44:55"
"S119","SONA","SimpleFirst",2024-12-02 12:50:59,21.8445166666667,86970,685183,"chrome 130.0.0","false","Mac OS",1440,778,61.37,"Male","21","Right-handed","High school","TRUE",NA,"White","United Kingdom",1,NA,0,0,10,10,-4,-3,NA,NA,NA,"eO6Zkd202122024","DoggoNogoValidation","2024-12-02 13:03:41","2024-12-02 13:12:06","150","2024-12-02 13:03:53","2024-12-02 13:12:05"
"S134","SONA","SimpleFirst",2024-12-03 23:04:06,21.4074833333333,48300,687369,"chrome 131.0.0","false","Windows 10",1536,730,146.48,"Male","19","Right-handed","High school","TRUE",NA,"Black","United Kingdom",0,"Interesting study. However, was frustrating when i would click so fast that i registered as a double click at times.",2,0,10,10,-2,-3,NA,NA,NA,"hZy5ET303122024","DoggoNogoValidation","2024-12-03 23:16:36","2024-12-03 23:24:25","150","2024-12-03 23:16:46","2024-12-03 23:24:25"
"S049","SONA","DoggoFirst",2024-11-24 13:05:41,19.4279666666667,650452,1138675,"chrome 130.0.0","false","Windows 10",1187,599,61.17,"Female","19","Right-handed","High school","TRUE",NA,"White","United Kingdom",2,NA,2,0,4,5,-3,-4,NA,NA,NA,"hljWwu424112024","DoggoNogoValidation","2024-11-24 13:07:24","2024-11-24 13:15:45","150","2024-11-24 13:07:39","2024-11-24 13:15:45"
"S129","SONA","DoggoFirst",2024-12-03 08:50:23,20.7083833333333,701054,1210786,"chrome 131.0.0","false","Windows 10",1536,889,61.64,"Male","19","Left-handed","High school","TRUE",NA,"Mixed","United Kingdom",3,NA,6,2,7,5,0,-4,NA,NA,NA,"H15WNVp03122024","DoggoNogoValidation","2024-12-03 08:52:38","2024-12-03 09:01:18","150","2024-12-03 08:52:48","2024-12-03 09:01:18"
"S068","SONA","SimpleFirst",2024-11-25 18:03:01,25.78925,319724,846493,"chrome 131.0.0","false","Mac OS",1440,778,61.53,"Female","20","Right-handed","High school","FALSE",NA,"White","United Kingdom",2,NA,4,1,10,5,-1,0,NA,NA,NA,"kRLPvpn25112024","DoggoNogoValidation","2024-11-25 18:18:19","2024-11-25 18:28:04","150","2024-11-25 18:18:29","2024-11-25 18:28:04"
"S127","SONA","SimpleFirst",2024-12-03 02:16:38,19.7519666666667,30458,575460,"firefox 132.0.0","false","Windows 10",1280,587,61.1,"Male","19","Right-handed","High school","TRUE",NA,"White","United Kingdom",2,NA,3,1,6,10,0,0,NA,NA,NA,"FtHQtNO03122024","DoggoNogoValidation","2024-12-03 02:27:40","2024-12-03 02:35:28","150","2024-12-03 02:27:50","2024-12-03 02:35:28"
"S107","SONA","DoggoFirst",2024-11-29 17:03:53,21.7431666666667,705505,1257739,"chrome 131.0.0","false","Mac OS",1512,857,120.87,"Male","20","Right-handed","High school","TRUE",NA,"White","United Kingdom",0,NA,1,0,10,10,-4,-4,NA,NA,NA,"7cv9w7H29112024","DoggoNogoValidation","2024-11-29 17:06:49","2024-11-29 17:14:35","150","2024-11-29 17:06:59","2024-11-29 17:14:35"
"S067","SONA","SimpleFirst",2024-11-25 17:58:18,20.8355,50821,619106,"safari 16.6.0","false","Mac OS",817,721,29.99,"Female","18","Right-handed","Bachelor","TRUE","Psychology, Neuroscience","White","United Kingdom",4,"no",7,1,9,10,2,-3,NA,NA,NA,"5jR7mii25112024","DoggoNogoValidation","2024-11-25 18:10:22","2024-11-25 18:18:41","150","2024-11-25 18:10:46","2024-11-25 18:18:41"
"S014","SONA","DoggoFirst",2024-11-20 17:17:06,21.2293166666667,721849,1188298,"chrome 130.0.0","false","Mac OS",1246,810,61.93,"Female","20","Right-handed","Bachelor","TRUE","Psychology, Neuroscience","White","United Kingdom",3,NA,5,2,0,3,1,-1,NA,NA,NA,"9GWcnso20112024","DoggoNogoValidation","2024-11-20 17:20:30","2024-11-20 17:27:53","150","2024-11-20 17:20:45","2024-11-20 17:27:53"
"S076","SONA","SimpleFirst",2024-11-26 12:12:32,19.9892166666667,185378,623187,"firefox 132.0.0","false","Windows 10",1280,586,60.79,"Female","19","Right-handed","Bachelor","TRUE","Psychology, Neuroscience","White","United Kingdom",2,NA,5,3,10,6,-1,0,NA,NA,NA,"3GQzSIY26112024","DoggoNogoValidation","2024-11-26 12:24:06","2024-11-26 12:31:54","150","2024-11-26 12:24:16","2024-11-26 12:31:54"
"S023","SONA","DoggoFirst",2024-11-21 12:26:48,21.1385166666667,671352,1212893,"safari 17.6.0","false","Mac OS",1214,752,60.73,"Female","19","Right-handed","High school","TRUE",NA,"South Asian","United Kingdom",3,NA,3,2,10,15,0,-2,NA,NA,NA,"24XgQKZ21112024","DoggoNogoValidation","2024-11-21 12:29:07","2024-11-21 12:37:13","150","2024-11-21 12:29:16","2024-11-21 12:37:13"
"S029","SONA","SimpleFirst",2024-11-21 15:52:46,22.0607666666667,143824,576223,"chrome 130.0.0","false","Mac OS",1440,812,61.95,"Male","23","Right-handed","High school","TRUE",NA,"White","United Kingdom",0,"One of the issues with Psychological research today is the vast majority of it is people carrying out studies simply because they found a 'gap' in the literature. In actuality, some things are simply not worth studying. Unfortunately, this study appears to fall into this camp.",0,0,13,10,-4,-3,NA,NA,NA,"ZFvwIZn21112024","DoggoNogoValidation","2024-11-21 16:03:45","2024-11-21 16:11:48","150","2024-11-21 16:03:56","2024-11-21 16:11:48"
"S012","SONA","SimpleFirst",2024-11-20 15:38:21,21.1969166666667,103064,578621,"chrome 131.0.0","false","Windows 10",1536,703,61.15,"Female","19","Right-handed","High school","TRUE",NA,"White","United Kingdom",2,NA,3,2,7,6,0,-1,NA,NA,NA,"NBhDPfw20112024","DoggoNogoValidation","2024-11-20 15:49:49","2024-11-20 15:58:55","150","2024-11-20 15:49:59","2024-11-20 15:58:55"
"S061","SONA","SimpleFirst",2024-11-25 13:12:15,21.0690333333333,40338,530801,"chrome 128.0.0","false","Mac OS",1440,731,60.83,"Female","19","Left-handed","High school","TRUE",NA,"White","United Kingdom",3,"i enjoyed the dog part most. in part 1, it could have other coloured boxes as well for more attention focuses reactions",6,4,15,7,-1,-3,NA,NA,NA,"YIC5AYV25112024","DoggoNogoValidation","2024-11-25 13:22:38","2024-11-25 13:31:44","150","2024-11-25 13:22:48","2024-11-25 13:31:44"
"S149","SONA","DoggoFirst",2024-12-05 14:21:31,22.47975,814484,1326296,"safari 16.4.1","false","Mac OS",1440,848,60.48,"Female","19","Right-handed","High school","TRUE",NA,"White","United Kingdom",2,NA,4,4,10,6,-3,-1,NA,NA,NA,"HQlYQKa05122024","DoggoNogoValidation","2024-12-05 14:23:29","2024-12-05 14:33:50","150","2024-12-05 14:23:40","2024-12-05 14:33:50"
"S088","SONA","SimpleFirst",2024-11-27 16:00:01,19.86175,44017,588963,"chrome 131.0.0","false","Mac OS",1440,812,60.96,"Female","20","Right-handed","High school","TRUE",NA,"White","United Kingdom",3,NA,3,4,8,7,-1,1,NA,NA,NA,"AT3sJle27112024","DoggoNogoValidation","2024-11-27 16:10:57","2024-11-27 16:19:07","150","2024-11-27 16:11:07","2024-11-27 16:19:07"
"S011","SONA","SimpleFirst",2024-11-20 11:50:02,81.7366666666667,3752651,4257158,"chrome 131.0.0","false","Windows 10",1280,551,61.46,"Female","20","Left-handed","High school","TRUE",NA,"South Asian","United Kingdom",1,"N\A",2,3,10,10,-4,-2,NA,NA,NA,"xrKhuRO20112024","DoggoNogoValidation","2024-11-20 13:01:59","2024-11-20 13:11:11","150","2024-11-20 13:02:08","2024-11-20 13:11:11"
"S079","SONA","SimpleFirst",2024-11-26 19:29:01,18.8213666666667,97956,549078,"chrome 131.0.0","false","Mac OS",1440,683,61.21,"Female","19","Right-handed","High school","TRUE",NA,"White","United Kingdom",2,NA,5,2,5,13,1,0,NA,NA,NA,"7ZQSINI26112024","DoggoNogoValidation","2024-11-26 19:39:39","2024-11-26 19:46:59","150","2024-11-26 19:39:48","2024-11-26 19:46:59"
"S027","SONA","SimpleFirst",2024-11-21 14:50:43,20.9112,94056,614270,"chrome 131.0.0","false","Windows 10",1536,730,61.07,"Female","18","Right-handed","High school","TRUE",NA,"White","United Kingdom",3,NA,6,4,8,7,0,-1,NA,NA,NA,"kqCy2cq21112024","DoggoNogoValidation","2024-11-21 15:02:32","2024-11-21 15:10:42","150","2024-11-21 15:02:42","2024-11-21 15:10:42"
"S102","SONA","SimpleFirst",2024-11-28 22:17:04,18.8085,107106,545089,"chrome 131.0.0","false","Mac OS",961,932,61.96,"Male","18","Right-handed","Bachelor","TRUE","Psychology, Neuroscience","White","United Kingdom",3,NA,2,6,10,4,-3,0,NA,NA,NA,"y9mb3q228112024","DoggoNogoValidation","2024-11-28 22:27:01","2024-11-28 22:35:26","150","2024-11-28 22:27:11","2024-11-28 22:35:26"
"S097","SONA","SimpleFirst",2024-11-28 11:43:34,18.0690833333333,87823,570455,"chrome 131.0.0","false","Windows 10",1280,665,60.72,"Female","18","Left-handed","High school","TRUE",NA,"White","United Kingdom",2,NA,3,2,9,12,0,1,NA,NA,NA,"5yNmVij28112024","DoggoNogoValidation","2024-11-28 11:54:30","2024-11-28 12:01:01","150","2024-11-28 11:54:39","2024-11-28 12:01:01"
"S025","SONA","DoggoFirst",2024-11-21 14:24:14,19.1905,663578,1135122,"safari 17.6.0","false","Mac OS",1194,791,60.98,"Female","18","Right-handed","High school","TRUE",NA,"South Asian","United Kingdom",2,NA,2,4,7,10,-1,-3,NA,NA,NA,"En1zpbu21112024","DoggoNogoValidation","2024-11-21 14:26:26","2024-11-21 14:34:40","150","2024-11-21 14:26:35","2024-11-21 14:34:40"
"S090","SONA","SimpleFirst",2024-11-27 16:40:18,19.77375,60406,526602,"chrome 130.0.0","false","Mac OS",1440,778,60.8,"Female","20","Right-handed","High school","TRUE",NA,"White","United Kingdom",4,NA,5,3,9,6,1,-2,NA,NA,NA,"gBQMvTt27112024","DoggoNogoValidation","2024-11-27 16:50:16","2024-11-27 16:59:13","150","2024-11-27 16:50:27","2024-11-27 16:59:13"
"S059","SONA","DoggoFirst",2024-11-25 12:53:48,21.9274,790670,1294499,"chrome 128.0.0","false","Mac OS",1280,712,60.51,"Female","19","Right-handed","Bachelor","TRUE","Psychology, Neuroscience","Hispanic/Latino","United Kingdom",2,"no",1,0,15,15,-3,-4,NA,NA,NA,"hyKnlj325112024","DoggoNogoValidation","2024-11-25 12:55:22","2024-11-25 13:06:12","150","2024-11-25 12:55:36","2024-11-25 13:06:12"
"S069","SONA","SimpleFirst",2024-11-25 18:09:34,17.9507833333333,53564,479438,"safari 17.6.0","false","Mac OS",1180,777,56.6,"Female","19","Right-handed","High school","TRUE",NA,"White","United Kingdom",2,NA,3,1,15,10,-1,-3,NA,NA,NA,"PnAd1ug25112024","DoggoNogoValidation","2024-11-25 18:18:39","2024-11-25 18:26:57","150","2024-11-25 18:18:48","2024-11-25 18:26:57"
"S094","SONA","SimpleFirst",2024-11-27 19:20:21,25.4818,53234,710056,"safari 16.6.0","false","Mac OS",1280,720,60.67,"Female","20","Right-handed","High school","TRUE",NA,"White","United Kingdom",1,"my hand went numb whilst participating in the study, which I think impacted my reaction time ",3,3,15,20,-2,-3,NA,NA,NA,"sbJzEWd27112024","DoggoNogoValidation","2024-11-27 19:34:34","2024-11-27 19:44:51","150","2024-11-27 19:34:53","2024-11-27 19:44:51"
"S038","SONA","SimpleFirst",2024-11-22 17:30:51,20.5980166666667,51497,542747,"edge-chromium 131.0.0","false","Windows 10",1528,738,61.32,"Female","19","Right-handed","High school","TRUE",NA,"White","United Kingdom",2,NA,4,1,20,12,-1,-1,NA,NA,NA,"ZB3F8JL22112024","DoggoNogoValidation","2024-11-22 17:41:05","2024-11-22 17:50:56","150","2024-11-22 17:41:20","2024-11-22 17:50:56"
"S022","SONA","DoggoFirst",2024-11-20 22:27:48,17.7944166666667,581842,1039200,"edge-chromium 131.0.0","false","Windows 10",630,586,61.61,"Female","19","Right-handed","High school","TRUE",NA,"Mixed","United Kingdom",3,NA,5,2,5,10,0,-2,NA,NA,NA,"znn48at20112024","DoggoNogoValidation","2024-11-20 22:29:33","2024-11-20 22:36:46","150","2024-11-20 22:29:42","2024-11-20 22:36:46"
"S111","SONA","DoggoFirst",2024-11-30 16:35:45,19.4756666666667,674110,1139869,"chrome 130.0.0","false","Mac OS",1440,812,61.68,"Female","21","Right-handed","High school","TRUE",NA,"White","United Kingdom",0,NA,0,0,4,7,-4,-4,NA,NA,NA,"B7xzMwv30112024","DoggoNogoValidation","2024-11-30 16:36:54","2024-11-30 16:45:59","150","2024-11-30 16:37:03","2024-11-30 16:45:59"
"S128","SONA","SimpleFirst",2024-12-03 04:48:09,21.7636333333333,191344,634718,"safari 18.1.0","false","Mac OS",1710,989,59.46,"Male","19","Right-handed","Bachelor","TRUE","Psychology, Neuroscience","Southeast Asian","United Kingdom",0,NA,0,1,7,5,-4,-4,NA,NA,NA,"jmzrJ4o03122024","DoggoNogoValidation","2024-12-03 05:00:26","2024-12-03 05:08:44","150","2024-12-03 05:00:36","2024-12-03 05:08:43"
"S148","SONA","SimpleFirst",2024-12-05 12:26:40,20.2829333333333,48108,484650,"safari 18.1.0","false","Mac OS",1440,820,57.64,"Female","20","Right-handed","High school","TRUE",NA,"White","United Kingdom",2,NA,1,1,5,10,-4,-4,NA,NA,NA,"P31YmEn05122024","DoggoNogoValidation","2024-12-05 12:38:37","2024-12-05 12:46:32","150","2024-12-05 12:38:48","2024-12-05 12:46:32"
"S037","SONA","DoggoFirst",2024-11-22 16:21:59,24.8963333333333,800463,1288450,"chrome 130.0.0","false","Windows 10",1280,631,61.06,"Female","19","Right-handed","High school","TRUE",NA,"White","United Kingdom",4,"definitely something different the first task was fun I enjoyed doing it compared to the second one , for me at least the first time having something interactive and fun in a study.  ",7,1,6,10,3,-1,NA,NA,NA,"XENVbbV22112024","DoggoNogoValidation","2024-11-22 16:24:34","2024-11-22 16:34:14","150","2024-11-22 16:24:43","2024-11-22 16:34:14"
"S036","SONA","SimpleFirst",2024-11-22 15:06:22,50.8337333333333,58186,2132732,"chrome 131.0.0","false","Mac OS",1470,797,30.37,"Female","19","Right-handed","High school","TRUE",NA,"South Asian","United Kingdom",3,NA,4,4,5,6,-3,2,NA,NA,NA,"R8TYxaF22112024","DoggoNogoValidation","2024-11-22 15:45:36","2024-11-22 15:56:45","150","2024-11-22 15:45:53","2024-11-22 15:56:45"
"S026","SONA","DoggoFirst",2024-11-21 14:37:07,23.25855,895451,1342983,"opera 114.0.0","false","Windows 10",1495,746,60.9,"Male","19","Right-handed","High school","TRUE",NA,"White","United Kingdom",2,"i dont like ai art",2,0,9.4,10,-1,-3,NA,NA,NA,"9mb3O4q21112024","DoggoNogoValidation","2024-11-21 14:43:06","2024-11-21 14:50:56","150","2024-11-21 14:43:17","2024-11-21 14:50:56"
"S001","SONA","DoggoFirst",2024-11-19 13:43:05,22.3035166666667,799272,1241320,"chrome 130.0.0","false","Windows 10",1920,911,61.38,"Male","19","Left-handed","High school","TRUE",NA,"Mixed","United Kingdom",0,NA,1,0,8,5,-3,-4,NA,NA,NA,"uHUV1y519112024","DoggoNogoValidation","2024-11-19 13:45:53","2024-11-19 13:55:35","150","2024-11-19 13:46:03","2024-11-19 13:55:35"
"S092","SONA","SimpleFirst",2024-11-27 17:40:25,23.9062,77720,716566,"chrome 130.0.0","false","Mac OS",1440,812,61.87,"Female","18","Right-handed","High school","TRUE",NA,"White","United Kingdom",1,NA,4,1,15,19,1,-1,NA,NA,NA,"K5BR17527112024","DoggoNogoValidation","2024-11-27 17:53:50","2024-11-27 18:03:41","150","2024-11-27 17:53:59","2024-11-27 18:03:41"
"S048","SONA","DoggoFirst",2024-11-24 11:48:26,23.2081166666667,841138,1342260,"opera 114.0.0","false","Windows 10",1495,712,60.96,"Male","21","Right-handed","High school","TRUE",NA,"White","United Kingdom",1,NA,2,3,10,7,-3,-1,NA,NA,NA,"izy960D24112024","DoggoNogoValidation","2024-11-24 11:52:37","2024-11-24 12:01:10","150","2024-11-24 11:52:47","2024-11-24 12:01:10"
"S126","SONA","SimpleFirst",2024-12-02 21:24:24,24.2025833333333,68144,851620,"chrome 116.0.0","false","Mac OS",1440,783,60.86,"Male","21","Left-handed","High school","TRUE",NA,"Mixed","United Kingdom",3,NA,5,3,7,2,2,0,NA,NA,NA,"PyhX3NP02122024","DoggoNogoValidation","2024-12-02 21:40:50","2024-12-02 21:47:42","150","2024-12-02 21:41:00","2024-12-02 21:47:42"
"S135","SONA","SimpleFirst",2024-12-04 14:17:38,35.5138,108879,1375997,"chrome 130.0.0","false","Mac OS",1440,730,61.18,"Female","20","Right-handed","High school","TRUE",NA,"South Asian","United Kingdom",2,NA,5,3,10,25,-1,-2,NA,NA,NA,"HR4IRtH04122024","DoggoNogoValidation","2024-12-04 14:41:57","2024-12-04 14:52:47","150","2024-12-04 14:42:06","2024-12-04 14:52:47"
"S003","SONA","DoggoFirst",2024-11-19 16:09:13,21.2147166666667,816468,1252277,"chrome 131.0.0","false","Windows 10",1280,551,61.77,"Female","20","Right-handed","Other",NA,NA,"White","United Kingdom",4,NA,6,3,10,10,2,0,"collage",NA,NA,"tTyspbH19112024","DoggoNogoValidation","2024-11-19 16:11:41","2024-11-19 16:21:50","150","2024-11-19 16:11:56","2024-11-19 16:21:50"
"S008","SONA","SimpleFirst",2024-11-19 20:30:32,22.44035,131879,644416,"edge-chromium 131.0.0","false","Windows 10",1528,898,61.61,"Female","20","Right-handed","High school","TRUE",NA,"White","United Kingdom",2,NA,2,3,15,10,-4,0,NA,NA,NA,"BpNpmOs19112024","DoggoNogoValidation","2024-11-19 20:42:38","2024-11-19 20:52:17","150","2024-11-19 20:42:48","2024-11-19 20:52:17"
"S052","SONA","DoggoFirst",2024-11-24 16:09:19,26.3284833333333,758371,1544856,"chrome 130.0.0","false","Mac OS",1440,812,61.23,"Female","18","Right-handed","High school","TRUE",NA,"Middle Eastern/North African","United Kingdom",1,NA,2,1,12,10,-3,-3,NA,NA,NA,"h0ihbG024112024","DoggoNogoValidation","2024-11-24 16:11:28","2024-11-24 16:20:53","150","2024-11-24 16:11:37","2024-11-24 16:20:53"
"S144","SONA","SimpleFirst",2024-12-04 23:17:52,19.4281333333333,81858,537628,"chrome 126.0.0","false","Mac OS",1470,833,61.43,"Female","19","Left-handed","High school","TRUE",NA,"White","United Kingdom",2,NA,4,3,8.5,7,-1,0,NA,NA,NA,"P1YAqBB04122024","DoggoNogoValidation","2024-12-04 23:28:16","2024-12-04 23:36:28","150","2024-12-04 23:28:26","2024-12-04 23:36:28"
"S123","SONA","DoggoFirst",2024-12-02 15:39:33,29.4631833333333,691571,1738054,"chrome 131.0.0","false","Mac OS",1440,753,60.92,"Female","19","Right-handed","High school","TRUE",NA,"Southeast Asian","United States",3,NA,5,5,10,12,1,2,NA,NA,NA,"g3iYG7002122024","DoggoNogoValidation","2024-12-02 15:42:02","2024-12-02 15:50:18","150","2024-12-02 15:42:12","2024-12-02 15:50:18"
"S125","SONA","SimpleFirst",2024-12-02 20:55:34,19.0337,65611,556226,"chrome 131.0.0","false","Windows 10",1280,551,61.82,"Female","22","Right-handed","High school","TRUE",NA,"White","United Kingdom",2,NA,2,1,10,15,-1,-1,NA,NA,NA,"enWDevK02122024","DoggoNogoValidation","2024-12-02 21:06:49","2024-12-02 21:13:44","150","2024-12-02 21:06:59","2024-12-02 21:13:44"
"S050","SONA","SimpleFirst",2024-11-24 14:23:44,24.1582666666667,88520,659798,"safari 16.6.0","false","Mac OS",1066,628,60.85,"Female","21","Right-handed","High school","TRUE",NA,"White","United Kingdom",3,NA,4,3,15,15,1,0,NA,NA,NA,"KrA739U24112024","DoggoNogoValidation","2024-11-24 14:37:58","2024-11-24 14:47:11","150","2024-11-24 14:38:08","2024-11-24 14:47:11"
"S051","SONA","DoggoFirst",2024-11-24 14:41:09,20.6666,731796,1219952,"chrome 131.0.0","false","Windows 10",1266,722,60.63,"Male","19","Right-handed","Bachelor","TRUE","Psychology, Neuroscience","Mixed","United Kingdom",0,NA,3,0,12,20,-4,-4,NA,NA,NA,"Kwy1wCy24112024","DoggoNogoValidation","2024-11-24 14:44:47","2024-11-24 14:52:47","150","2024-11-24 14:44:57","2024-11-24 14:52:47"
"S096","SONA","DoggoFirst",2024-11-28 00:03:55,16.9291,542721,1002235,"chrome 131.0.0","false","Windows 10",1280,551,61.46,"Female","18","Right-handed","High school","TRUE",NA,"South Asian","United Kingdom",2,NA,1,0,3.5,5,-4,-4,NA,NA,NA,"RLw6QO128112024","DoggoNogoValidation","2024-11-28 00:04:55","2024-11-28 00:12:25","150","2024-11-28 00:05:05","2024-11-28 00:12:25"
"S113","SONA","DoggoFirst",2024-12-01 13:39:17,21.9061,772758,1274897,"chrome 131.0.0","false","Windows 10",1280,632,61.97,"Female","19","Right-handed","High school","TRUE",NA,"White","United Kingdom",3,NA,5,3,10,15,0,-1,NA,NA,NA,"m4ZNZ5h01122024","DoggoNogoValidation","2024-12-01 13:41:34","2024-12-01 13:50:55","150","2024-12-01 13:41:44","2024-12-01 13:50:55"
"S057","SONA","DoggoFirst",2024-11-25 03:02:52,20.3456,692225,1154125,"chrome 131.0.0","false","Windows 10",1368,743,61.52,"Female","19","Right-handed","High school","TRUE",NA,"Mixed","United Kingdom",0,NA,4,3,5,8,-2,-3,NA,NA,NA,"2WlSqZe25112024","DoggoNogoValidation","2024-11-25 03:05:13","2024-11-25 03:13:03","150","2024-11-25 03:05:23","2024-11-25 03:13:03"
"S018","SONA","DoggoFirst",2024-11-20 18:11:33,23.2379166666667,664818,1297972,"safari 17.5.0","false","Mac OS",1324,754,59.94,"Female","18","Right-handed","High school","TRUE",NA,"White","United Kingdom",1,NA,0,0,10,20,-4,-4,NA,NA,NA,"2g5E8M320112024","DoggoNogoValidation","2024-11-20 18:13:15","2024-11-20 18:21:48","150","2024-11-20 18:13:25","2024-11-20 18:21:48"
"S124","SONA","DoggoFirst",2024-12-02 16:26:39,19.1494166666667,632828,1131024,"chrome 129.0.0","false","Mac OS",1440,778,61.53,"Female","20","Right-handed","High school","TRUE",NA,"White","United Kingdom",4,NA,7,4,10,10,2,-1,NA,NA,NA,"XaJmR3T02122024","DoggoNogoValidation","2024-12-02 16:28:18","2024-12-02 16:36:45","150","2024-12-02 16:28:27","2024-12-02 16:36:45"
"S153","SONA","DoggoFirst",2024-12-05 17:37:58,20.51795,726224,1200752,"chrome 130.0.0","false","Chrome OS",1536,695,61.32,"Female","21","Right-handed","High school","TRUE",NA,"White","United Kingdom",2,NA,4,1,10,10,-1,-2,NA,NA,NA,"d8nMWvm05122024","DoggoNogoValidation","2024-12-05 17:39:46","2024-12-05 17:48:19","150","2024-12-05 17:39:56","2024-12-05 17:48:19"
"S114","SONA","DoggoFirst",2024-12-01 16:26:30,21.22065,713931,1224453,"safari 18.0.0","false","Mac OS",1353,795,60.3,"Female","20","Left-handed","High school","TRUE",NA,"White","United Kingdom",2,NA,4,1,8,15,0,-3,NA,NA,NA,"OEhZGIq01122024","DoggoNogoValidation","2024-12-01 16:29:59","2024-12-01 16:37:16","150","2024-12-01 16:30:25","2024-12-01 16:37:16"
"S101","SONA","SimpleFirst",2024-11-28 21:35:30,19.7110166666667,54487,602947,"edge-chromium 131.0.0","false","Windows 10",1192,682,61.09,"Female","20","Right-handed","High school","TRUE",NA,"White","United Kingdom",2,NA,3,5,10,10,-3,-1,NA,NA,NA,"4cAUy5y28112024","DoggoNogoValidation","2024-11-28 21:47:20","2024-11-28 21:54:30","150","2024-11-28 21:47:30","2024-11-28 21:54:30"
"S044","SONA","SimpleFirst",2024-11-23 17:20:14,23.2175,228659,688820,"edge-chromium 131.0.0","false","Windows 10",1496,877,60.75,"Female","18","Right-handed","High school","TRUE",NA,"Black","United Kingdom",3,NA,5,5,10,5,0,0,NA,NA,NA,"ThwpzSP23112024","DoggoNogoValidation","2024-11-23 17:32:57","2024-11-23 17:42:49","150","2024-11-23 17:33:08","2024-11-23 17:42:49"
"S155","SONA","SimpleFirst",2024-12-05 21:43:44,18.9968,36392,526287,"edge-chromium 131.0.0","false","Windows 10",1272,641,61.04,"Female","18","Right-handed","High school","TRUE",NA,"White","United Kingdom",0,NA,0,3,15,10,-4,-4,NA,NA,NA,"Vd9ngzk05122024","DoggoNogoValidation","2024-12-05 21:53:42","2024-12-05 22:02:22","150","2024-12-05 21:53:51","2024-12-05 22:02:22"
"S017","SONA","SimpleFirst",2024-11-20 17:47:33,31.7144166666667,40396,938453,"safari 18.0.1","false","Mac OS",1280,720,59.7,"Female","19","Right-handed","High school","TRUE",NA,"White","United Kingdom",2,NA,1,0,10,15,-1,0,NA,NA,NA,"ebxeakP20112024","DoggoNogoValidation","2024-11-20 18:10:34","2024-11-20 18:17:46","150","2024-11-20 18:10:45","2024-11-20 18:17:46"
"S118","SONA","DoggoFirst",2024-12-02 12:27:55,20.4965,663109,1188760,"safari 16.6.0","false","Mac OS",1194,794,60.79,"Male","20","Right-handed","High school","TRUE",NA,"Mixed","United Kingdom",4,NA,6,2,7,9,-1,-2,NA,NA,NA,"VGFfkz202122024","DoggoNogoValidation","2024-12-02 12:29:47","2024-12-02 12:38:06","150","2024-12-02 12:29:57","2024-12-02 12:38:06"
"S136","SONA","DoggoFirst",2024-12-04 14:37:09,19.10205,604345,1112009,"edge-chromium 131.0.0","false","Windows 10",1528,738,61.01,"Female","19","Right-handed","High school","TRUE",NA,"White","United Kingdom",3,NA,7,2,10,10,2,-2,NA,NA,NA,"I7nCxxt04122024","DoggoNogoValidation","2024-12-04 14:38:29","2024-12-04 14:46:35","150","2024-12-04 14:38:38","2024-12-04 14:46:35"
"S138","SONA","SimpleFirst",2024-12-04 15:08:02,26.4854333333333,258432,909926,"safari 17.0.0","false","Mac OS",1440,820,59.58,"Female","19","Left-handed","High school","TRUE",NA,"White","United Kingdom",3,NA,7,1,10,8.5,4,1,NA,NA,NA,"S7nuF1l04122024","DoggoNogoValidation","2024-12-04 15:24:30","2024-12-04 15:34:02","150","2024-12-04 15:24:39","2024-12-04 15:34:02"
"S081","SONA","SimpleFirst",2024-11-26 20:09:50,25.1164666666667,108655,729418,"safari 18.1.1","false","Mac OS",1194,791,60.3,"Female","20","Right-handed","Bachelor","TRUE","other","White","United Kingdom",3,NA,6,5,15,10,1,1,NA,"Psychology Bsc",NA,"SEEuBfE26112024","DoggoNogoValidation","2024-11-26 20:24:18","2024-11-26 20:34:14","150","2024-11-26 20:24:27","2024-11-26 20:34:14"
"S035","SONA","SimpleFirst",2024-11-22 14:10:15,16.23425,31922,476357,"edge-chromium 131.0.0","false","Windows 10",1912,964,59.93,"Male","21","Ambidextrous","High school","TRUE",NA,"White","United Kingdom",1,NA,0,1,10,10,-4,-2,NA,NA,NA,"P9IzfIF22112024","DoggoNogoValidation","2024-11-22 14:19:00","2024-11-22 14:26:10","150","2024-11-22 14:19:11","2024-11-22 14:26:10"
"S071","SONA","SimpleFirst",2024-11-25 19:49:17,20.0827,69147,560996,"safari 16.6.0","false","Mac OS",1329,752,30.2,"Female","22","Right-handed","High school","TRUE",NA,"White","United Kingdom",4,"loved it",7,3,4,7,4,-1,NA,NA,NA,"4JwBTXR25112024","DoggoNogoValidation","2024-11-25 20:00:42","2024-11-25 20:07:35","150","2024-11-25 20:00:58","2024-11-25 20:07:35"
"S055","SONA","DoggoFirst",2024-11-24 20:45:41,19.7615833333333,599232,1132291,"edge-chromium 131.0.0","false","Windows 10",1432,774,60.85,"Female","20","Right-handed","Bachelor","TRUE","Psychology, Neuroscience","White","United Kingdom",3,NA,4,2,10,10,-2,-2,NA,NA,NA,"J5x4Jle24112024","DoggoNogoValidation","2024-11-24 20:47:03","2024-11-24 20:54:16","150","2024-11-24 20:47:12","2024-11-24 20:54:16"
"S062","SONA","SimpleFirst",2024-11-25 13:54:50,20.97785,70950,544624,"safari 16.4.0","false","Mac OS",1280,720,30.14,"Female","20","Right-handed","High school","TRUE",NA,"Black","United Kingdom",2,NA,4,2,15,15,-4,-1,NA,NA,NA,"IT72mNP25112024","DoggoNogoValidation","2024-11-25 14:05:58","2024-11-25 14:14:36","150","2024-11-25 14:06:08","2024-11-25 14:14:36"
"S131","SONA","DoggoFirst",2024-12-03 15:25:10,17.2835333333333,570789,1020550,"safari 16.5.0","false","Mac OS",971,752,30,"Female","19","Right-handed","High school","TRUE",NA,"Mixed","United Kingdom",2,NA,5,1,4.2,5.7,-4,-4,NA,NA,NA,"OfrutZN03122024","DoggoNogoValidation","2024-12-03 15:26:27","2024-12-03 15:33:52","150","2024-12-03 15:26:37","2024-12-03 15:33:52"
"S042","SONA","SimpleFirst",2024-11-23 12:24:20,22.8330333333333,58706,669687,"chrome 130.0.0","false","Mac OS",1073,736,61.43,"Female","19","Left-handed","High school","TRUE",NA,"White","United Kingdom",2,NA,3,4,9,7,-3,-2,NA,NA,NA,"YJb38IA23112024","DoggoNogoValidation","2024-11-23 12:37:37","2024-11-23 12:46:18","150","2024-11-23 12:37:48","2024-11-23 12:46:18"
"S150","SONA","SimpleFirst",2024-12-05 14:27:33,20.31025,58436,583286,"chrome 131.0.0","false","Windows 10",1536,695,60.75,"Female","19","Right-handed","High school","TRUE",NA,"White","United Kingdom",4,NA,3,6,10,3,-2,1,NA,NA,NA,"Gh4dWfY05122024","DoggoNogoValidation","2024-12-05 14:39:04","2024-12-05 14:47:08","150","2024-12-05 14:39:15","2024-12-05 14:47:08"
"S060","SONA","SimpleFirst",2024-11-25 13:05:02,26.19595,324822,849850,"edge-chromium 131.0.0","false","Windows 10",1272,594,61.55,"Female","20","Right-handed","High school","TRUE",NA,"White","United Kingdom",3,"the first task felt easier as the background was plain but more boring. The second task felt harder as the background was distracting and it meant i kept missing it so got bored quicker",4,4,10,6,-2,-1,NA,NA,NA,"iQNggxP25112024","DoggoNogoValidation","2024-11-25 13:20:49","2024-11-25 13:29:26","150","2024-11-25 13:20:59","2024-11-25 13:29:26"
"S151","SONA","SimpleFirst",2024-12-05 15:36:17,20.76935,41260,493010,"chrome 131.0.0","false","Mac OS",1680,928,60.02,"Male","23","Right-handed","High school","TRUE",NA,"Southeast Asian","United Kingdom",3,NA,4,7,20,12,0,0,NA,NA,NA,"9aN60nk05122024","DoggoNogoValidation","2024-12-05 15:46:35","2024-12-05 15:56:40","150","2024-12-05 15:46:48","2024-12-05 15:56:40"
"S064","SONA","DoggoFirst",2024-11-25 14:46:30,18.9200166666667,665459,1083274,"chrome 130.0.0","false","Mac OS",1440,812,61.82,"Male","20","Right-handed","High school","TRUE",NA,"White","United Kingdom",1,NA,2,0,8,9,-3,-3,NA,NA,NA,"8tbkOFX25112024","DoggoNogoValidation","2024-11-25 14:48:48","2024-11-25 14:56:31","150","2024-11-25 14:48:58","2024-11-25 14:56:31"
"S054","SONA","SimpleFirst",2024-11-24 20:10:12,19.1978,60874,505486,"safari 16.5.0","false","Mac OS",1470,840,60.18,"Female","20","Right-handed","High school","TRUE",NA,"White","United Kingdom",2,NA,4,2,7.5,6,-1,-1,NA,NA,NA,"uEqG2Zv24112024","DoggoNogoValidation","2024-11-24 20:20:30","2024-11-24 20:28:57","150","2024-11-24 20:20:40","2024-11-24 20:28:57"
"S159","SONA","SimpleFirst",2024-12-06 13:03:40,20.2588333333333,45190,493391,"chrome 130.0.0","false","Windows 10",1280,609,61.25,"Female","20","Right-handed","High school","TRUE",NA,"White","United Kingdom",3,NA,5,1,15,10,1,0,NA,NA,NA,"wnIiOUQ06122024","DoggoNogoValidation","2024-12-06 13:14:46","2024-12-06 13:23:17","150","2024-12-06 13:15:07","2024-12-06 13:23:17"
"S006","SONA","DoggoFirst",2024-11-19 17:18:18,26.312,828709,1533273,"chrome 130.0.0","false","Mac OS",1440,812,61.46,"Female","18","Right-handed","Doctorate",NA,"Psychology, Neuroscience","White","United Kingdom",4,NA,5,3,10,15,0,2,NA,NA,NA,"VvULTjk19112024","DoggoNogoValidation","2024-11-19 17:21:16","2024-11-19 17:30:17","150","2024-11-19 17:21:30","2024-11-19 17:30:17"
"S024","SONA","DoggoFirst",2024-11-21 14:22:28,25.6437333333333,1050357,1513471,"chrome 131.0.0","false","Windows 10",1536,730,61.41,"Female","19","Right-handed","High school","TRUE",NA,"East Asian","United Kingdom",4,NA,4,3,7,10,-1,0,NA,NA,NA,"cUANzyd21112024","DoggoNogoValidation","2024-11-21 14:24:13","2024-11-21 14:39:05","150","2024-11-21 14:24:22","2024-11-21 14:39:05"
"S004","SONA","SimpleFirst",2024-11-19 16:54:03,51.1301833333333,131148,1982688,"firefox 132.0.0","false","Windows 10",1280,649,60.73,"Male","18","Left-handed","Bachelor","TRUE","Psychology, Neuroscience","White","United Kingdom",4,NA,7,7,10,20,1,1,NA,NA,NA,"zkVthHf19112024","DoggoNogoValidation","2024-11-19 17:36:44","2024-11-19 17:44:24","150","2024-11-19 17:36:54","2024-11-19 17:44:24"
"S046","SONA","SimpleFirst",2024-11-23 18:36:01,23.9301,151732,880683,"edge-chromium 131.0.0","false","Windows 10",1912,1000,60.75,"Male","18","Right-handed","Bachelor","TRUE","Psychology, Neuroscience","White","United Kingdom",1,NA,0,0,10,10,-4,-3,NA,NA,NA,"3iDiYty23112024","DoggoNogoValidation","2024-11-23 18:51:35","2024-11-23 18:59:25","150","2024-11-23 18:51:45","2024-11-23 18:59:25"
"S132","SONA","SimpleFirst",2024-12-03 21:52:16,23.8880666666667,60605,873372,"edge-chromium 131.0.0","false","Windows 10",1272,560,61.27,"Female","20","Right-handed","Bachelor","TRUE","Psychology, Neuroscience","Black","United Kingdom",2,NA,7,1,10,15,1,-3,NA,NA,NA,"iPEkaQb03122024","DoggoNogoValidation","2024-12-03 22:08:23","2024-12-03 22:15:33","150","2024-12-03 22:08:41","2024-12-03 22:15:33"
"S085","SONA","SimpleFirst",2024-11-27 07:56:59,26.4125,142097,935935,"edge-chromium 131.0.0","false","Windows 10",1514,724,60.23,"Male","19","Right-handed","High school","TRUE",NA,"White","United Kingdom",2,NA,3,4,15,10,-2,0,NA,NA,NA,"lKrlNGl27112024","DoggoNogoValidation","2024-11-27 08:14:46","2024-11-27 08:22:23","150","2024-11-27 08:14:57","2024-11-27 08:22:23"
"S103","SONA","DoggoFirst",2024-11-29 11:16:19,29.6688,1268250,1707237,"edge-chromium 131.0.0","false","Windows 10",1108,568,61.72,"Female","18","Right-handed","High school","TRUE",NA,"White","United Kingdom",3,NA,6,5,7,8,1,0,NA,NA,NA,"kF0IDqI29112024","DoggoNogoValidation","2024-11-29 11:18:16","2024-11-29 11:29:40","150","2024-11-29 11:18:45","2024-11-29 11:29:40"
"S073","SONA","DoggoFirst",2024-11-26 00:20:50,18.8302833333333,639761,1076748,"safari 18.1.0","false","Mac OS",1470,840,60.36,"Female","19","Right-handed","High school","TRUE",NA,"Mixed","United Kingdom",2,NA,4,0,10,12,0,-4,NA,NA,NA,"lq4TgWF26112024","DoggoNogoValidation","2024-11-26 00:23:07","2024-11-26 00:30:04","150","2024-11-26 00:23:20","2024-11-26 00:30:03"
"S104","SONA","DoggoFirst",2024-11-29 11:45:29,20.1152166666667,633598,1192877,"chrome 131.0.0","false","Mac OS",1440,778,61.59,"Female","18","Left-handed","High school","TRUE",NA,"White","United Kingdom",1,NA,3,2,15,10,-2,-2,NA,NA,NA,"Mik0laV29112024","DoggoNogoValidation","2024-11-29 11:46:20","2024-11-29 11:55:17","150","2024-11-29 11:46:32","2024-11-29 11:55:17"
"S043","SONA","DoggoFirst",2024-11-23 15:01:47,18.2462333333333,606690,1072290,"chrome 131.0.0","false","Windows 10",1536,730,61.43,"Female","20","Right-handed","Bachelor","TRUE","Psychology, Neuroscience","White","United Kingdom",3,NA,5,1,10,10,0,-3,NA,NA,NA,"70tUOUM23112024","DoggoNogoValidation","2024-11-23 15:03:28","2024-11-23 15:11:11","150","2024-11-23 15:03:39","2024-11-23 15:11:11"
"S032","SONA","SimpleFirst",2024-11-22 09:53:30,21.7717,41941,581517,"chrome 131.0.0","false","Windows 10",1536,730,60.05,"Female","53","Left-handed","High school","TRUE",NA,"Mixed","United Kingdom",2,"I was distracted by the thought that dogs do not eat bones to gain weight.",4,0,15,10,0,-1,NA,NA,NA,"AMmpuKy22112024","DoggoNogoValidation","2024-11-22 10:04:45","2024-11-22 10:13:14","150","2024-11-22 10:05:00","2024-11-22 10:13:14"
"S047","SONA","DoggoFirst",2024-11-24 03:14:47,17.3103333333333,567966,1010159,"safari 17.2.1","false","Mac OS",1512,865,59.7,"Male","19","Right-handed","Bachelor","TRUE","Psychology, Neuroscience","White","United Kingdom",3,NA,4,2,10,10,1,-1,NA,NA,NA,"jRAuC8k24112024","DoggoNogoValidation","2024-11-24 03:16:36","2024-11-24 03:23:36","150","2024-11-24 03:16:46","2024-11-24 03:23:35"
"S109","SONA","SimpleFirst",2024-11-29 21:34:04,20.26055,106699,562696,"safari 16.6.0","false","Mac OS",1710,989,60.36,"Female","19","Right-handed","High school","TRUE",NA,"White","United Kingdom",4,NA,4,2,10,7,-3,-2,NA,NA,NA,"lx1RbLi29112024","DoggoNogoValidation","2024-11-29 21:45:00","2024-11-29 21:53:48","150","2024-11-29 21:45:09","2024-11-29 21:53:48"
"S065","SONA","SimpleFirst",2024-11-25 15:56:29,22.6991833333333,107016,708860,"edge-chromium 131.0.0","false","Windows 10",1358,650,61.2,"Female","22","Right-handed","High school","TRUE",NA,"White","United Kingdom",4,NA,5,4,10,15,2,1,NA,NA,NA,"xjBjpLL25112024","DoggoNogoValidation","2024-11-25 16:10:24","2024-11-25 16:18:21","150","2024-11-25 16:10:33","2024-11-25 16:18:21"
"S115","SONA","SimpleFirst",2024-12-01 18:50:52,17.0767,63174,509854,"safari 15.6.1","false","Mac OS",1279,749,60.36,"Female","20","Right-handed","Bachelor","TRUE","Psychology, Neuroscience","White","United Kingdom",4,NA,2,2,10,10,-3,-1,NA,NA,NA,"SSvZUWL01122024","DoggoNogoValidation","2024-12-01 19:00:18","2024-12-01 19:07:36","150","2024-12-01 19:00:27","2024-12-01 19:07:36"
"S112","SONA","DoggoFirst",2024-11-30 23:00:16,20.2354166666667,688621,1174639,"edge-chromium 131.0.0","false","Windows 10",1272,674,61.21,"Female","20","Right-handed","High school","TRUE",NA,"Mixed","United Kingdom",1,NA,4,0,5,10,-1,-4,NA,NA,NA,"G0jbdXa30112024","DoggoNogoValidation","2024-11-30 23:02:48","2024-11-30 23:10:51","150","2024-11-30 23:03:00","2024-11-30 23:10:51"
"S098","SONA","DoggoFirst",2024-11-28 15:12:08,108.38545,5729301,6471039,"safari 16.5.2","false","Mac OS",1512,865,53,"Female","20","Right-handed","Bachelor","TRUE","Psychology, Neuroscience","White","United Kingdom",0,NA,3,0,10,4,-3,-3,NA,NA,NA,"z4qdVSx28112024","DoggoNogoValidation","2024-11-28 15:14:08","2024-11-28 16:42:35","150","2024-11-28 15:14:17","2024-11-28 16:42:35"
"S040","SONA","DoggoFirst",2024-11-23 00:51:36,18.1704166666667,614171,1052142,"safari 17.0.0","false","Mac OS",1328,738,59.7,"Female","19","Right-handed","High school","TRUE",NA,"White","United Kingdom",3,NA,5,2,12,10,1,-1,NA,NA,NA,"WB81Ld223112024","DoggoNogoValidation","2024-11-23 00:53:07","2024-11-23 01:00:04","150","2024-11-23 00:53:17","2024-11-23 01:00:04"
"S074","SONA","DoggoFirst",2024-11-26 10:26:21,18.7275,654877,1104978,"safari 16.5.0","false","Mac OS",1710,914,30.15,"Female","19","Right-handed","High school","TRUE",NA,"White","United Kingdom",1,NA,2,1,6,5,-1,-2,NA,NA,NA,"UgoSPR926112024","DoggoNogoValidation","2024-11-26 10:27:36","2024-11-26 10:36:42","150","2024-11-26 10:27:45","2024-11-26 10:36:42"
"S091","SONA","DoggoFirst",2024-11-27 16:43:45,20.1675,719315,1162499,"chrome 130.0.0","false","Chrome OS",1250,661,61.08,"Female","24","Right-handed","Bachelor","TRUE","Psychology, Neuroscience","White","United Kingdom",3,"Cute dog :)",7,4,7.5,6.5,4,-1,NA,NA,NA,"ll8dcPc27112024","DoggoNogoValidation","2024-11-27 16:46:14","2024-11-27 16:54:29","150","2024-11-27 16:46:30","2024-11-27 16:54:29"
"S142","SONA","SimpleFirst",2024-12-04 19:25:56,18.2698833333333,73702,579964,"safari 17.1.2","false","Mac OS",1440,820,30.29,"Female","21","Right-handed","Bachelor","TRUE","Psychology, Neuroscience","White","United Kingdom",3,NA,5,6,8,5,1,0,NA,NA,NA,"FW0RVAR04122024","DoggoNogoValidation","2024-12-04 19:37:00","2024-12-04 19:43:44","150","2024-12-04 19:37:11","2024-12-04 19:43:44"
"S154","SONA","SimpleFirst",2024-12-05 20:02:24,20.1819166666667,87442,552841,"crios 131.0.6778","true","iOS",980,644,58.54,"Female","19","Right-handed","High school","TRUE",NA,"White","United Kingdom",1,NA,1,0,10,8,-2,-2,NA,NA,NA,"zoO7RtL05122024","DoggoNogoValidation","2024-12-05 20:13:08","2024-12-05 20:21:45","150","2024-12-05 20:13:17","2024-12-05 20:21:45"
"S147","SONA","DoggoFirst",2024-12-05 01:33:01,20.3022166666667,704547,1185057,"safari 17.4.1","false","Mac OS",1228,745,30.14,"Female","19","Right-handed","Bachelor","TRUE","Psychology, Neuroscience","Mixed","United Kingdom",2,NA,4,1,10,11,-3,-3,NA,NA,NA,"tNLQdDR05122024","DoggoNogoValidation","2024-12-05 01:35:29","2024-12-05 01:43:47","150","2024-12-05 01:35:45","2024-12-05 01:43:47"
"S158","SONA","SimpleFirst",2024-12-06 12:59:11,23.1850333333333,68287,608433,"safari 15.6.1","false","Mac OS",1440,820,60.12,"Female","19","Right-handed","High school","TRUE",NA,"White","United Kingdom",2,NA,3,2,20,8,-4,-2,NA,NA,NA,"1q23aG306122024","DoggoNogoValidation","2024-12-06 13:13:51","2024-12-06 13:21:40","150","2024-12-06 13:14:02","2024-12-06 13:21:40"
"S140","SONA","SimpleFirst",2024-12-04 16:54:05,19.05585,62772,553410,"safari 15.6.1","false","Mac OS",1440,820,30.15,"Female","18","Left-handed","High school","TRUE",NA,"White","United Kingdom",1,NA,5,0,9,7,-1,-4,NA,NA,NA,"xEX5RwD04122024","DoggoNogoValidation","2024-12-04 17:04:27","2024-12-04 17:12:14","150","2024-12-04 17:04:36","2024-12-04 17:12:14"
"S015","SONA","DoggoFirst",2024-11-20 17:27:28,19.82885,654563,1160217,"chrome 130.0.0","false","Mac OS",1280,678,60.54,"Female","18","Right-handed","High school","TRUE",NA,"White","United Kingdom",2,NA,2,1,5,10,-1,-2,NA,NA,NA,"LxlpIFN20112024","DoggoNogoValidation","2024-11-20 17:29:03","2024-11-20 17:37:44","150","2024-11-20 17:29:12","2024-11-20 17:37:44"
"S133","SONA","SimpleFirst",2024-12-03 22:11:13,19.4048666666667,104175,595450,"chrome 131.0.0","false","Windows 10",1280,665,61.29,"Female","20","Right-handed","High school","TRUE",NA,"South Asian","United Kingdom",3,NA,5,2,10,5,1,-1,NA,NA,NA,"0gqCDLj03122024","DoggoNogoValidation","2024-12-03 22:23:44","2024-12-03 22:30:00","150","2024-12-03 22:23:54","2024-12-03 22:30:00"
"S034","SONA","DoggoFirst",2024-11-22 13:06:39,20.0693666666667,667001,1171966,"chrome 130.0.0","false","Mac OS",1470,832,61.12,"Female","19","Right-handed","High school","TRUE",NA,"South Asian","United Kingdom",2,NA,4,3,7,10.5,-1,-1,NA,NA,NA,"mQdoezr22112024","DoggoNogoValidation","2024-11-22 13:08:24","2024-11-22 13:17:01","150","2024-11-22 13:08:34","2024-11-22 13:17:01"
"S117","SONA","SimpleFirst",2024-12-02 12:23:00,17.0817666666667,45485,528255,"chrome 131.0.0","false","Mac OS",1280,654,60.79,"Female","19","Right-handed","High school","TRUE",NA,"White","United Kingdom",3,NA,5,0,5,7,1,-4,NA,NA,NA,"cvU3rED02122024","DoggoNogoValidation","2024-12-02 12:32:55","2024-12-02 12:39:16","150","2024-12-02 12:33:04","2024-12-02 12:39:16"
"S108","SONA","SimpleFirst",2024-11-29 18:11:54,23.6616833333333,51318,633249,"chrome 131.0.0","false","Mac OS",1440,778,61.04,"Female","20","Right-handed","High school","TRUE",NA,"East Asian","United Kingdom",1,"doggo game kept saying almost which was infuriating",0,0,13,8,-4,-3,NA,NA,NA,"AWVY2Gw29112024","DoggoNogoValidation","2024-11-29 18:23:42","2024-11-29 18:33:56","150","2024-11-29 18:23:53","2024-11-29 18:33:56"
"S002","SONA","DoggoFirst",2024-11-19 14:45:07,21.2899833333333,706953,1255604,"safari 17.2.0","false","Mac OS",1194,791,60.91,"Female","18","Right-handed","High school","TRUE",NA,"Black","United Kingdom",3,NA,4,1,10,15,-2,-3,NA,NA,NA,"hW2KDp119112024","DoggoNogoValidation","2024-11-19 14:47:01","2024-11-19 14:55:22","150","2024-11-19 14:47:13","2024-11-19 14:55:22"
"S010","SONA","DoggoFirst",2024-11-20 01:06:17,24.8808166666667,863770,1396568,"opera 114.0.0","false","Windows 10",1463,851,61.73,"Male","18","Right-handed","High school","TRUE",NA,"White","United Kingdom",1,"Don't use the down arrow as it forces the participant to put their hand in a weird position for too long, use the enter key or left click instead because it is more comfortable and therefore should better represent reaction time",0,2,8,9,-4,-4,NA,NA,NA,"FwmHaUM20112024","DoggoNogoValidation","2024-11-20 01:12:19","2024-11-20 01:19:53","150","2024-11-20 01:12:29","2024-11-20 01:19:53"
"S099","SONA","DoggoFirst",2024-11-28 15:47:18,20.4993166666667,754152,1201479,"edge-chromium 130.0.0","false","Windows 10",1272,594,60.79,"Female","18","Right-handed","High school","TRUE",NA,"South Asian","United Kingdom",2,NA,4,5,10,10,-3,1,NA,NA,NA,"SzNsqof28112024","DoggoNogoValidation","2024-11-28 15:49:02","2024-11-28 15:59:02","150","2024-11-28 15:49:12","2024-11-28 15:59:02"
"S100","SONA","DoggoFirst",2024-11-28 19:56:09,21.6974333333333,823456,1291502,"chrome 131.0.0","false","Mac OS",1440,778,61.89,"Female","18","Left-handed","High school","TRUE",NA,"White","United Kingdom",1,NA,0,0,10,10,-4,-4,NA,NA,NA,"BOyJ7rs28112024","DoggoNogoValidation","2024-11-28 19:57:29","2024-11-28 20:09:05","150","2024-11-28 19:57:38","2024-11-28 20:09:05"
"S030","SONA","SimpleFirst",2024-11-21 18:24:25,18.3073166666667,92857,562241,"firefox 132.0.0","false","Windows 10",1920,954,102.92,"Male","19","Right-handed","High school","TRUE",NA,"White","United Kingdom",3,NA,3,4,5,7,-3,1,NA,NA,NA,"6wNkfkB21112024","DoggoNogoValidation","2024-11-21 18:35:22","2024-11-21 18:41:48","150","2024-11-21 18:35:33","2024-11-21 18:41:48"
"S084","SONA","SimpleFirst",2024-11-26 22:10:36,22.1576,57753,507557,"chrome 131.0.0","false","Windows 10",1280,551,61.82,"Female","20","Right-handed","High school","TRUE",NA,"South Asian","United Kingdom",3,NA,3,5,10,5,-2,0,NA,NA,NA,"Y6OfTuS26112024","DoggoNogoValidation","2024-11-26 22:20:24","2024-11-26 22:32:01","150","2024-11-26 22:20:35","2024-11-26 22:32:01"
"S072","SONA","SimpleFirst",2024-11-25 21:57:40,20.9968333333333,189237,663880,"chrome 103.0.0","false","Chrome OS",1536,746,61.98,"Female","18","Left-handed","High school","TRUE",NA,"White","United Kingdom",2,NA,3,1,5,5,0,-2,NA,NA,NA,"AdGCoSO25112024","DoggoNogoValidation","2024-11-25 22:10:06","2024-11-25 22:18:03","150","2024-11-25 22:10:16","2024-11-25 22:18:03"
"S089","SONA","SimpleFirst",2024-11-27 16:32:58,19.9391166666667,91578,522693,"chrome 131.0.0","false","Mac OS",1470,831,61.73,"Female","18","Right-handed","High school","TRUE",NA,"White","United Kingdom",2,NA,1,2,5,10,-2,0,NA,NA,NA,"6PTig1L27112024","DoggoNogoValidation","2024-11-27 16:43:40","2024-11-27 16:51:51","150","2024-11-27 16:43:50","2024-11-27 16:51:51"
"S033","SONA","DoggoFirst",2024-11-22 11:36:30,18.13165,594127,1069518,"edge-chromium 130.0.0","false","Windows 10",1272,602,61.98,"Female","19","Right-handed","Master","TRUE","Psychology, Neuroscience","White","Hungary",4,NA,7,0,10,10,-4,-4,NA,NA,NA,"ha734BV22112024","DoggoNogoValidation","2024-11-22 11:37:59","2024-11-22 11:45:54","150","2024-11-22 11:38:08","2024-11-22 11:45:54"
"S077","SONA","DoggoFirst",2024-11-26 16:34:17,20.5284333333333,729495,1186664,"edge-chromium 131.0.0","false","Windows 10",1528,738,61.12,"Female","19","Right-handed","High school","TRUE",NA,"White","United Kingdom",2,NA,4,3,8,13,-2,-1,NA,NA,NA,"Zza0OSA26112024","DoggoNogoValidation","2024-11-26 16:37:04","2024-11-26 16:45:27","150","2024-11-26 16:37:14","2024-11-26 16:45:27"
"S146","SONA","SimpleFirst",2024-12-05 00:50:25,19.9020666666667,61685,518765,"safari 16.6.0","false","Mac OS",1044,716,59.94,"Female","20","Right-handed","Doctorate",NA,"Psychology, Neuroscience","White","United Kingdom",3,NA,5,3,10,5,-3,-2,NA,NA,NA,"8v9M6vQ05122024","DoggoNogoValidation","2024-12-05 01:00:09","2024-12-05 01:09:41","150","2024-12-05 01:00:21","2024-12-05 01:09:41"
"S095","SONA","SimpleFirst",2024-11-27 19:21:27,17.9737,49514,504991,"safari 18.0.1","false","Mac OS",1440,820,59.82,"Female","18","Right-handed","High school","TRUE",NA,"White","United Kingdom",2,NA,3,2,10,12,0,-3,NA,NA,NA,"sMQJwXM27112024","DoggoNogoValidation","2024-11-27 19:31:19","2024-11-27 19:38:45","150","2024-11-27 19:31:34","2024-11-27 19:38:45"
"S016","SONA","SimpleFirst",2024-11-20 17:43:36,19.7983833333333,51645,497129,"chrome 130.0.0","false","Windows 10",1904,983,61.72,"Female","18","Left-handed","High school","TRUE",NA,"White","United Kingdom",2,NA,0,2,15,5,-4,0,NA,NA,NA,"2oxiz5d20112024","DoggoNogoValidation","2024-11-20 17:53:45","2024-11-20 18:02:30","150","2024-11-20 17:53:55","2024-11-20 18:02:30"
"S019","SONA","DoggoFirst",2024-11-20 18:48:44,67.9881166666667,2406622,4048477,"edge-chromium 131.0.0","false","Windows 10",1528,704,167.93,"Female","20","Right-handed","High school","TRUE",NA,"White","United Kingdom",0,NA,0,0,30,45,-4,-4,NA,NA,NA,"SirFrwW20112024","DoggoNogoValidation","2024-11-20 18:51:08","2024-11-20 19:28:22","150","2024-11-20 18:51:18","2024-11-20 19:28:22"
"S086","SONA","DoggoFirst",2024-11-27 14:07:24,22.6476833333333,630912,1127366,"chrome 131.0.0","false","Windows 10",1536,791,169.11,"Female","28","Right-handed","High school","TRUE",NA,"White","United Kingdom",3,"Initially in both tasks I was unsure whether the *only* objects would be bones, or red squares and I was worried I might click when a different kind of object would appear :)",5,4,7,7,0,0,NA,NA,NA,"S3zuUBA27112024","DoggoNogoValidation","2024-11-27 14:09:36","2024-11-27 14:16:04","150","2024-11-27 14:09:53","2024-11-27 14:16:04"
"S078","SONA","DoggoFirst",2024-11-26 17:45:25,1151.5415,839822,69049344,"safari 16.5.0","false","Mac OS",1440,820,60.67,"Female","20","Right-handed","Bachelor","TRUE","other","White","United Kingdom",2,"it gets rather repeative ",3,0,10,6,-3,-4,NA,"Psychology",NA,"jvmE2Fu26112024","DoggoNogoValidation","2024-11-26 17:48:18","2024-11-26 17:57:48","150","2024-11-26 17:48:34","2024-11-26 17:57:48"
"S141","SONA","SimpleFirst",2024-12-04 16:55:21,16.9010666666667,38817,524236,"safari 18.1.1","false","Mac OS",1366,982,56.23,"Female","19","Right-handed","High school","TRUE",NA,"South Asian","United Kingdom",1,NA,0,1,6,3,-4,-1,NA,NA,NA,"uNzznHi04122024","DoggoNogoValidation","2024-12-04 17:05:11","2024-12-04 17:11:44","150","2024-12-04 17:05:21","2024-12-04 17:11:44"
"S031","SONA","SimpleFirst",2024-11-22 09:34:25,24.8442666666667,78489,551333,"opera 114.0.0","false","Windows 10",1482,695,61.2,"Female","19","Right-handed","High school","TRUE",NA,"Southeast Asian","United Kingdom",2,NA,1,3,7,12,0,0,NA,NA,NA,"ucDekse22112024","DoggoNogoValidation","2024-11-22 09:44:51","2024-11-22 09:58:45","150","2024-11-22 09:45:00","2024-11-22 09:58:45"
"S106","SONA","SimpleFirst",2024-11-29 16:24:28,18.3428,59089,523462,"safari 15.6.1","false","Mac OS",1664,918,61.16,"Male","19","Right-handed","High school","TRUE",NA,"White","United Kingdom",2,NA,3,4,8,10,-2,-1,NA,NA,NA,"mJyL1hK29112024","DoggoNogoValidation","2024-11-29 16:35:50","2024-11-29 16:42:23","150","2024-11-29 16:35:59","2024-11-29 16:42:23"
"S058","SONA","SimpleFirst",2024-11-25 12:34:58,18.44465,56794,491072,"chrome 129.0.0","false","Chrome OS",1536,730,61.98,"Female","20","Right-handed","Bachelor","TRUE","Psychology, Neuroscience","White","United Kingdom",4,NA,6,1,10,20,1,-1,NA,NA,NA,"nJhjjcP25112024","DoggoNogoValidation","2024-11-25 12:44:11","2024-11-25 12:52:55","150","2024-11-25 12:44:20","2024-11-25 12:52:55"
"S157","SONA","DoggoFirst",2024-12-06 12:42:50,19.0994833333333,689715,1126887,"chrome 131.0.0","false","Windows 10",1536,695,61.49,"Other","22","Ambidextrous","High school","TRUE",NA,"White","United Kingdom",2,NA,3,1,10,15,-1,-3,NA,NA,"Non-Binary","kLfeahN06122024","DoggoNogoValidation","2024-12-06 12:45:47","2024-12-06 12:53:24","150","2024-12-06 12:45:56","2024-12-06 12:53:24"
"S080","SONA","DoggoFirst",2024-11-26 20:08:12,19.6775166666667,633094,1083329,"safari 17.0.0","false","Mac OS",1223,781,59.06,"Female","40","Right-handed","High school","TRUE",NA,"White","United Kingdom",3,NA,3,3,8,8,-1,-3,NA,NA,NA,"X9McCHR26112024","DoggoNogoValidation","2024-11-26 20:10:33","2024-11-26 20:17:17","150","2024-11-26 20:10:43","2024-11-26 20:17:17"
"S013","SONA","DoggoFirst",2024-11-20 16:04:14,23.61475,860814,1397213,"chrome 130.0.0","false","Chrome OS",1536,730,60.78,"Other","19","Left-handed","High school","TRUE",NA,"White","United Kingdom",2,NA,5,2,15,15,-2,-4,NA,NA,"non-binary","YVbFLBp20112024","DoggoNogoValidation","2024-11-20 16:06:50","2024-11-20 16:17:40","150","2024-11-20 16:07:18","2024-11-20 16:17:40"
"S082","SONA","SimpleFirst",2024-11-26 20:57:21,25.6134166666667,128745,633141,"safari 17.5.0","false","Mac OS",1440,743,30.15,"Female","20","Right-handed","High school","TRUE",NA,"White","United Kingdom",3,"No comments",1,1,15,15,0,1,NA,NA,NA,"RL8oaab26112024","DoggoNogoValidation","2024-11-26 21:10:49","2024-11-26 21:21:22","150","2024-11-26 21:11:00","2024-11-26 21:21:22"
"S083","SONA","SimpleFirst",2024-11-26 21:34:29,19.6431333333333,62393,520255,"chrome 131.0.0","false","Windows 10",1366,633,60.68,"Female","18","Right-handed","High school","TRUE",NA,"White","United Kingdom",0,NA,0,3,30,20,-3,-1,NA,NA,NA,"25bThqa26112024","DoggoNogoValidation","2024-11-26 21:44:18","2024-11-26 21:53:33","150","2024-11-26 21:44:28","2024-11-26 21:53:33"
"S056","SONA","DoggoFirst",2024-11-24 21:43:10,19.4246666666667,671508,1152286,"chrome 130.0.0","false","Mac OS",1439,788,60.88,"Female","18","Right-handed","Bachelor","TRUE","Psychology, Neuroscience","White","Switzerland",2,NA,4,2,9,15,0,-2,NA,NA,NA,"4nNmmgX24112024","DoggoNogoValidation","2024-11-24 21:44:54","2024-11-24 21:53:39","150","2024-11-24 21:45:03","2024-11-24 21:53:39"
"S028","SONA","SimpleFirst",2024-11-21 15:44:54,27.5224666666667,622402,1092357,"safari 17.2.1","false","Mac OS",1588,821,60.36,"Female","19","Right-handed","High school","TRUE",NA,"White","United Kingdom",1,NA,2,1,7,10,-2,0,NA,NA,NA,"h27Fcac21112024","DoggoNogoValidation","2024-11-21 16:04:35","2024-11-21 16:11:35","150","2024-11-21 16:04:45","2024-11-21 16:11:35"
"S070","SONA","SimpleFirst",2024-11-25 18:43:46,27.3196166666667,275638,943740,"chrome 131.0.0","false","Windows 10",1536,695,60.7,"Female","19","Left-handed","High school","TRUE",NA,"White","United Kingdom",4,NA,6,6,10,15,-2,0,NA,NA,NA,"eRlHtJR25112024","DoggoNogoValidation","2024-11-25 19:01:19","2024-11-25 19:09:59","150","2024-11-25 19:01:29","2024-11-25 19:09:59"
"S156","SONA","DoggoFirst",2024-12-06 09:10:25,17.3060333333333,526082,978791,"chrome 131.0.0","false","Windows 10",1280,585,60.47,"Male","20","Left-handed","High school","TRUE",NA,"White","United Kingdom",3,"For the second task, you can see the navigator on the screen. That might be a subconscious distractor ",7,1,8,7,2,-3,NA,NA,NA,"0yP0enG06122024","DoggoNogoValidation","2024-12-06 09:12:10","2024-12-06 09:18:36","150","2024-12-06 09:12:19","2024-12-06 09:18:36"
"S110","SONA","SimpleFirst",2024-11-30 11:39:09,21.6723666666667,75407,611971,"chrome 129.0.0","false","Mac OS",1113,699,30.13,"Female","22","Left-handed","High school","TRUE",NA,"White","United Kingdom",4,NA,6,5,10,10,2,2,NA,NA,NA,"8bWmvYa30112024","DoggoNogoValidation","2024-11-30 11:50:16","2024-11-30 12:00:13","150","2024-11-30 11:50:27","2024-11-30 12:00:13"
"S063","SONA","DoggoFirst",2024-11-25 14:43:59,17.1119333333333,578702,1002170,"chrome 130.0.0","false","Windows 10",1600,739,51.01,"Female","22","Right-handed","Bachelor","TRUE","Psychology, Neuroscience","White","United Kingdom",2,"didnt like the doggy one ",1,2,7,5,-1,-2,NA,NA,NA,"Pg3606025112024","DoggoNogoValidation","2024-11-25 14:45:58","2024-11-25 14:52:53","150","2024-11-25 14:46:08","2024-11-25 14:52:53"
"S093","SONA","DoggoFirst",2024-11-27 18:36:57,29.4935833333333,1000917,1495580,"safari 15.6.0","false","Mac OS",1470,840,60.12,"Female","20","Left-handed","Bachelor","TRUE","Psychology, Neuroscience","White","United Kingdom",2,NA,7,0,15,10,0,-4,NA,NA,NA,"7332Je127112024","DoggoNogoValidation","2024-11-27 18:39:06","2024-11-27 18:51:10","150","2024-11-27 18:39:28","2024-11-27 18:51:10"
"S021","SONA","SimpleFirst",2024-11-20 21:54:35,21.6464333333333,92090,582804,"chrome 131.0.0","false","Windows 10",1536,730,61.13,"Female","19","Right-handed","High school","TRUE",NA,"South Asian","United Kingdom",4,NA,4,7,10,5,0,1,NA,NA,NA,"I3qXykB20112024","DoggoNogoValidation","2024-11-20 22:05:44","2024-11-20 22:15:13","150","2024-11-20 22:05:56","2024-11-20 22:15:13"
"S122","SONA","SimpleFirst",2024-12-02 14:16:11,19.0098333333333,53943,619763,"safari 17.6.0","false","Mac OS",1440,820,57.47,"Female","20","Right-handed","Bachelor","TRUE","Psychology, Neuroscience","White","United Kingdom",3,NA,3,1,7,7,-1,0,NA,NA,NA,"TcxQtAm02122024","DoggoNogoValidation","2024-12-02 14:27:15","2024-12-02 14:34:26","150","2024-12-02 14:27:24","2024-12-02 14:34:26"
"S143","SONA","SimpleFirst",2024-12-04 21:01:24,17.1158,44876,513441,"safari 16.6.0","false","Mac OS",1232,728,60.3,"Female","19","Right-handed","High school","TRUE",NA,"Middle Eastern/North African","United Kingdom",2,NA,5,0,2,3,-1,-4,NA,NA,NA,"8IoQV6u04122024","DoggoNogoValidation","2024-12-04 21:10:58","2024-12-04 21:17:47","150","2024-12-04 21:11:07","2024-12-04 21:17:47"
"S020","SONA","SimpleFirst",2024-11-20 20:20:48,19.47175,68426,557519,"safari 17.5.0","false","Mac OS",1228,738,57.58,"Female","21","Right-handed","High school","TRUE",NA,"White","United Kingdom",3,NA,2,4,6,7,-2,0,NA,NA,NA,"Im8mw7X20112024","DoggoNogoValidation","2024-11-20 20:32:19","2024-11-20 20:39:43","150","2024-11-20 20:32:45","2024-11-20 20:39:43"
"S160","SONA","SimpleFirst",2024-12-06 16:34:23,23.8393,91203,552467,"edge-chromium 131.0.0","false","Windows 10",1528,704,61.36,"Female","18","Right-handed","High school","TRUE",NA,"Hispanic/Latino","United Kingdom",2,NA,2,3,15,10,-4,-3,NA,NA,NA,"4vJ1nL406122024","DoggoNogoValidation","2024-12-06 16:44:57","2024-12-06 16:57:33","150","2024-12-06 16:45:08","2024-12-06 16:57:33"
"S145","SONA","DoggoFirst",2024-12-05 00:33:54,20.50885,673437,1196309,"edge-ios 130.0.2849","true","iOS",980,628,59.52,"Female","20","Right-handed","High school","TRUE",NA,"White","United Kingdom",0,NA,3,0,5,10,-4,-4,NA,NA,NA,"vjTZ56a05122024","DoggoNogoValidation","2024-12-05 00:35:38","2024-12-05 00:44:17","150","2024-12-05 00:35:48","2024-12-05 00:44:17"
"S005","SONA","SimpleFirst",2024-11-19 17:14:23,18.6966833333333,39523,501961,"chrome 131.0.0","false","Mac OS",1710,981,61.38,"Female","19","Right-handed","Bachelor","TRUE","Psychology, Neuroscience","Southeast Asian","United Kingdom",4,NA,4,3,10,10,-1,-2,NA,NA,NA,"nOz0Gpt19112024","DoggoNogoValidation","2024-11-19 17:23:54","2024-11-19 17:32:31","150","2024-11-19 17:24:05","2024-11-19 17:32:31"
"S137","SONA","DoggoFirst",2024-12-04 14:54:49,24.5178166666667,797037,1442287,"chrome 131.0.0","false","Windows 10",1536,703,61.99,"Female","20","Right-handed","High school","TRUE",NA,"White","United Kingdom",2,NA,3,1,8,12,-2,-3,NA,NA,NA,"DiTQka804122024","DoggoNogoValidation","2024-12-04 14:57:06","2024-12-04 15:06:51","150","2024-12-04 14:57:16","2024-12-04 15:06:50"
"S139","SONA","DoggoFirst",2024-12-04 16:18:02,21.1433166666667,635855,1252607,"chrome 131.0.0","false","Windows 10",1536,695,61.6,"Female","20","Right-handed","High school","TRUE",NA,"White","United Kingdom",2,NA,6,0,20,25,1,-4,NA,NA,NA,"sTcnhJJ04122024","DoggoNogoValidation","2024-12-04 16:20:10","2024-12-04 16:28:01","150","2024-12-04 16:20:20","2024-12-04 16:28:01"
"S053","SONA","SimpleFirst",2024-11-24 20:00:25,20.51645,80722,522432,"chrome 131.0.0","false","Windows 10",1280,559,61.34,"Female","19","Right-handed","High school","TRUE",NA,"White","United Kingdom",4,"woof",6,6,6,6,1,1,NA,NA,NA,"r1p7OBo24112024","DoggoNogoValidation","2024-11-24 20:10:48","2024-11-24 20:19:00","150","2024-11-24 20:11:14","2024-11-24 20:19:00"
"S045","SONA","SimpleFirst",2024-11-23 17:23:51,20.1668166666667,57894,570526,"chrome 131.0.0","false","Mac OS",1440,812,60.62,"Female","19","Right-handed","High school","TRUE",NA,"White","United Kingdom",2,NA,3,5,6,7,-3,-1,NA,NA,NA,"F6OVB8i23112024","DoggoNogoValidation","2024-11-23 17:34:35","2024-11-23 17:43:25","150","2024-11-23 17:34:45","2024-11-23 17:43:25"
"S116","SONA","SimpleFirst",2024-12-02 01:12:09,18.8637,34513,476417,"safari 17.5.0","false","Mac OS",1920,1120,60.73,"Female","20","Left-handed","High school","TRUE",NA,"White","United Kingdom",3,NA,6,2,8,5,1,-1,NA,NA,NA,"upPsGzY02122024","DoggoNogoValidation","2024-12-02 01:21:17","2024-12-02 01:30:17","150","2024-12-02 01:21:27","2024-12-02 01:30:17"
"S007","SONA","SimpleFirst",2024-11-19 17:28:14,25.5654333333333,119746,807035,"chrome 130.0.0","false","Windows 10",1280,551,61.17,"Female","19","Right-handed","High school","TRUE",NA,"South Asian","United Kingdom",2,NA,3,4,7,10,-2,2,NA,NA,NA,"g3O8ijT19112024","DoggoNogoValidation","2024-11-19 17:43:13","2024-11-19 17:52:40","150","2024-11-19 17:43:23","2024-11-19 17:52:40"
"S121","SONA","DoggoFirst",2024-12-02 13:54:50,19.6652833333333,660921,1162040,"safari 17.6.0","false","Mac OS",1180,777,58.37,"Female","20","Right-handed","Other",NA,NA,"White","United Kingdom",2,NA,4,1,22,10,-1,-3,"A-Levels",NA,NA,"Uc70RCh02122024","DoggoNogoValidation","2024-12-02 13:57:08","2024-12-02 14:04:54","150","2024-12-02 13:57:17","2024-12-02 14:04:54"
"S130","SONA","SimpleFirst",2024-12-03 13:50:36,19.8506333333333,84312,526982,"edge-chromium 130.0.0","false","Windows 10",1528,704,61.69,"Female","19","Right-handed","High school","TRUE",NA,"White","United Kingdom",2,NA,3,2,8,6,-1,-1,NA,NA,NA,"gJrTaCs03122024","DoggoNogoValidation","2024-12-03 14:01:38","2024-12-03 14:09:30","150","2024-12-03 14:01:47","2024-12-03 14:09:30"
"S039","SONA","DoggoFirst",2024-11-22 21:01:52,19.3703166666667,624768,1120816,"chrome 131.0.0","false","Windows 10",1536,703,61.23,"Female","19","Right-handed","High school","TRUE",NA,"White","United Kingdom",4,"the background of the first task made it difficult to see some of the bones appearing",6,3,10,8,1,0,NA,NA,NA,"NOEuTW122112024","DoggoNogoValidation","2024-11-22 21:03:04","2024-11-22 21:11:42","150","2024-11-22 21:03:15","2024-11-22 21:11:42"
"S075","SONA","SimpleFirst",2024-11-26 11:53:48,24.30485,76741,676132,"chrome 128.0.0","false","Mac OS",1710,981,61.91,"Female","18","Right-handed","High school","TRUE",NA,"White","United Kingdom",2,NA,2,1,20,8,-4,-3,NA,NA,NA,"RLMwSXF26112024","DoggoNogoValidation","2024-11-26 12:06:14","2024-11-26 12:17:08","150","2024-11-26 12:06:33","2024-11-26 12:17:08"
"S152","SONA","DoggoFirst",2024-12-05 17:16:17,20.0873333333333,670490,1179743,"chrome 129.0.0","false","Mac OS",1440,812,61.05,"Female","18","Right-handed","High school","TRUE",NA,"White","United Kingdom",1,"no nothing cheers",1,1,8,7,-1,-3,NA,NA,NA,"ruPt0YS05122024","DoggoNogoValidation","2024-12-05 17:17:42","2024-12-05 17:26:26","150","2024-12-05 17:17:51","2024-12-05 17:26:26"
"S087","SONA","SimpleFirst",2024-11-27 15:22:53,17.4795833333333,42856,480128,"chrome 124.0.0","false","Windows 10",1280,559,61.24,"Female","19","Right-handed","High school","TRUE",NA,"White","United Kingdom",2,NA,3,2,12,10,0,-1,NA,NA,NA,"sg6xBIG27112024","DoggoNogoValidation","2024-11-27 15:31:56","2024-11-27 15:39:52","150","2024-11-27 15:32:05","2024-11-27 15:39:52"
"S066","SONA","DoggoFirst",2024-11-25 17:13:36,18.9191666666667,606127,1110233,"chrome 130.0.0","false","Windows 10",1280,585,65.55,"Female","19","Right-handed","High school","TRUE",NA,"White","United Kingdom",2,NA,5,0,7,14,-1,-4,NA,NA,NA,"GYdL3mO25112024","DoggoNogoValidation","2024-11-25 17:15:56","2024-11-25 17:22:54","150","2024-11-25 17:16:06","2024-11-25 17:22:54"
"S105","SONA","DoggoFirst",2024-11-29 13:23:57,19.39245,614029,1138842,"chrome 131.0.0","false","Windows 10",1920,991,147.82,"Female","21","Right-handed","Bachelor","TRUE","Psychology, Neuroscience","White","United Kingdom",3,"the puppy experiment was so fun!",7,2,15,20,2,-2,NA,NA,NA,"tyzYOjL29112024","DoggoNogoValidation","2024-11-29 13:26:14","2024-11-29 13:33:30","150","2024-11-29 13:26:23","2024-11-29 13:33:30"
"S009","SONA","SimpleFirst",2024-11-19 22:23:38,19.0423,87142,605949,"chrome 130.0.0","false","Windows 10",1536,730,61.28,"Female","20","Right-handed","High school","TRUE",NA,"White","United Kingdom",4,NA,6,5,7,10,1,-2,NA,NA,NA,"rB7iSCm19112024","DoggoNogoValidation","2024-11-19 22:35:06","2024-11-19 22:41:46","150","2024-11-19 22:35:24","2024-11-19 22:41:45"
"S041","SONA","SimpleFirst",2024-11-23 00:57:38,19.9491833333333,104135,552129,"chrome 130.0.0","false","Windows 10",1280,551,61.22,"Female","20","Left-handed","High school","TRUE",NA,"White","United Kingdom",0,NA,1,0,8,7,-4,-2,NA,NA,NA,"xgEyVWZ23112024","DoggoNogoValidation","2024-11-23 01:07:39","2024-11-23 01:16:57","150","2024-11-23 01:07:55","2024-11-23 01:16:57"
